-- phpMyAdmin SQL Dump
-- version 2.11.10
-- http://www.phpmyadmin.net
--
-- Host: localhost
-- Generation Time: May 26, 2011 at 06:28 PM
-- Server version: 5.0.77
-- PHP Version: 5.2.13

SET SQL_MODE="NO_AUTO_VALUE_ON_ZERO";


/*!40101 SET @OLD_CHARACTER_SET_CLIENT=@@CHARACTER_SET_CLIENT */;
/*!40101 SET @OLD_CHARACTER_SET_RESULTS=@@CHARACTER_SET_RESULTS */;
/*!40101 SET @OLD_COLLATION_CONNECTION=@@COLLATION_CONNECTION */;
/*!40101 SET NAMES utf8 */;

--
-- Database: `erwin_140dev2`
--

-- --------------------------------------------------------

--
-- Table structure for table `json_cache`
--

CREATE TABLE IF NOT EXISTS `json_cache` (
  `tweet_id` bigint(20) unsigned NOT NULL,
  `cache_id` int(10) unsigned NOT NULL auto_increment,
  `cache_date` timestamp NOT NULL default CURRENT_TIMESTAMP,
  `raw_tweet` text character set utf8 collate utf8_unicode_ci NOT NULL,
  `parsed` tinyint(1) NOT NULL default '0',
  PRIMARY KEY  (`cache_id`),
  KEY `tweet_id` (`tweet_id`),
  KEY `cache_date` (`cache_date`)
) ENGINE=MyISAM  DEFAULT CHARSET=utf8 AUTO_INCREMENT=12 ;

--
-- Dumping data for table `json_cache`
--

INSERT INTO `json_cache` (`tweet_id`, `cache_id`, `cache_date`, `raw_tweet`, `parsed`) VALUES
(73705739985752065, 1, '2011-05-26 18:03:12', 'Tzo4OiJzdGRDbGFzcyI6MjA6e3M6MTk6ImluX3JlcGx5X3RvX3VzZXJfaWQiO047czo0OiJ0ZXh0IjtzOjEzMzoiSkFXQUJBTiBLeXVoeXVuIChDaG8gS3l1aHl1biksIExlZXRldWsgKFBhcmsgSnVuZ1NvbyksIEV1bmh5dWsgKExlZSBIeXVrSmFlKSwgU2hpbmRvbmcgKFNoaW4gRG9uZ0hlZSkgQG1hbmRpcmlmaWVzdGEgI1RhbnRhbmdhbktpbWNoaSI7czozOiJnZW8iO047czo5OiJmYXZvcml0ZWQiO2I6MDtzOjI1OiJpbl9yZXBseV90b19zdGF0dXNfaWRfc3RyIjtOO3M6MTM6InJldHdlZXRfY291bnQiO2k6MDtzOjEwOiJjcmVhdGVkX2F0IjtzOjMwOiJUaHUgTWF5IDI2IDExOjAzOjEyICswMDAwIDIwMTEiO3M6MTE6ImNvb3JkaW5hdGVzIjtOO3M6MjM6ImluX3JlcGx5X3RvX3NjcmVlbl9uYW1lIjtOO3M6Njoic291cmNlIjtzOjcwOiI8YSBocmVmPSJodHRwOi8vbS51YmVyc29jaWFsLmNvbSIgcmVsPSJub2ZvbGxvdyI+VWJlclNvY2lhbCBNb2JpbGU8L2E+IjtzOjIzOiJpbl9yZXBseV90b191c2VyX2lkX3N0ciI7TjtzOjY6ImlkX3N0ciI7czoxNzoiNzM3MDU3Mzk5ODU3NTIwNjUiO3M6MTI6ImNvbnRyaWJ1dG9ycyI7TjtzOjk6InJldHdlZXRlZCI7YjowO3M6ODoiZW50aXRpZXMiO086ODoic3RkQ2xhc3MiOjM6e3M6NDoidXJscyI7YTowOnt9czoxMzoidXNlcl9tZW50aW9ucyI7YToxOntpOjA7Tzo4OiJzdGRDbGFzcyI6NTp7czo3OiJpbmRpY2VzIjthOjI6e2k6MDtpOjEwMjtpOjE7aToxMTY7fXM6MTE6InNjcmVlbl9uYW1lIjtzOjEzOiJtYW5kaXJpZmllc3RhIjtzOjY6ImlkX3N0ciI7czo5OiIyMDI2NTU0NDAiO3M6NDoibmFtZSI7czoxNDoibWFuZGlyaSBmaWVzdGEiO3M6MjoiaWQiO2k6MjAyNjU1NDQwO319czo4OiJoYXNodGFncyI7YToxOntpOjA7Tzo4OiJzdGRDbGFzcyI6Mjp7czo0OiJ0ZXh0IjtzOjE1OiJUYW50YW5nYW5LaW1jaGkiO3M6NzoiaW5kaWNlcyI7YToyOntpOjA7aToxMTc7aToxO2k6MTMzO319fX1zOjk6InRydW5jYXRlZCI7YjowO3M6NToicGxhY2UiO047czo0OiJ1c2VyIjtPOjg6InN0ZENsYXNzIjozNjp7czo4OiJ2ZXJpZmllZCI7YjowO3M6OToidGltZV96b25lIjtzOjc6Ikpha2FydGEiO3M6MTY6ImZhdm91cml0ZXNfY291bnQiO2k6MzMwO3M6ODoibG9jYXRpb24iO3M6OToiSW5kb25lc2lhIjtzOjI4OiJwcm9maWxlX3VzZV9iYWNrZ3JvdW5kX2ltYWdlIjtiOjE7czoxNzoicHJvZmlsZV9pbWFnZV91cmwiO3M6NjA6Imh0dHA6Ly9hMS50d2ltZy5jb20vcHJvZmlsZV9pbWFnZXMvMTM2NTY4MjU1Mi9zdW5fbm9ybWFsLmpwZyI7czoxOToiZm9sbG93X3JlcXVlc3Rfc2VudCI7TjtzOjI0OiJwcm9maWxlX2JhY2tncm91bmRfY29sb3IiO3M6NjoiZjcxMTgwIjtzOjI4OiJwcm9maWxlX2JhY2tncm91bmRfaW1hZ2VfdXJsIjtzOjExNToiaHR0cDovL2ExLnR3aW1nLmNvbS9wcm9maWxlX2JhY2tncm91bmRfaW1hZ2VzLzI1NjMxNjM4My8yMjU1MTdfMjA1MTQ0NjQ2MTg3NDg2XzEwMDAwMDc1ODU1NDQ5Nl81MDcwNzBfNjQwMjUwM19uLmpwZyI7czoxMDoiY3JlYXRlZF9hdCI7czozMDoiRnJpIE5vdiAyNyAwNToxMzo0OCArMDAwMCAyMDA5IjtzOjExOiJkZXNjcmlwdGlvbiI7czoxNTY6Ii05NExpbmUtIEkg4pmlIFlHIGZhbWlseSBhbmQgSllQIG5hdGlvbiBDaXRpemVuIC4g4piRU1M1MDEsIOKYkVNKLCDimJFPbmVEYXksIOKYkTJORTEsIOKYkVdvbmRlcmdpcmxzLCDimJFBZnRlclNjaG9vbCwgQEFnbmVzbW8gLiBNZW50aW9uIGZvciBGb2xsYmFjayAuIOKYuiI7czoxMToic2NyZWVuX25hbWUiO3M6NzoiX0hBRWNoaSI7czoxNToiZGVmYXVsdF9wcm9maWxlIjtiOjA7czo2OiJpZF9zdHIiO3M6ODoiOTI5MDc3MzIiO3M6MTM6ImlzX3RyYW5zbGF0b3IiO2I6MDtzOjEzOiJub3RpZmljYXRpb25zIjtOO3M6MTg6InByb2ZpbGVfdGV4dF9jb2xvciI7czo2OiIwZmNmZmYiO3M6MTI6Imxpc3RlZF9jb3VudCI7aTo5O3M6MjY6InByb2ZpbGVfc2lkZWJhcl9maWxsX2NvbG9yIjtzOjA6IiI7czoxNToiZm9sbG93ZXJzX2NvdW50IjtpOjQ3MDtzOjIxOiJzaG93X2FsbF9pbmxpbmVfbWVkaWEiO2I6MDtzOjQ6ImxhbmciO3M6MjoiZW4iO3M6MTE6Imdlb19lbmFibGVkIjtiOjA7czoyMzoicHJvZmlsZV9iYWNrZ3JvdW5kX3RpbGUiO2I6MTtzOjk6InByb3RlY3RlZCI7YjowO3M6MjA6ImNvbnRyaWJ1dG9yc19lbmFibGVkIjtiOjA7czoxMzoiZnJpZW5kc19jb3VudCI7aTo1ODc7czozOiJ1cmwiO3M6MjQ6Imh0dHA6Ly9oYWVyYWEudHVtYmxyLmNvbSI7czo0OiJuYW1lIjtzOjE1OiJBcmRpbmkgUi4gUmFobWEiO3M6MTg6InByb2ZpbGVfbGlua19jb2xvciI7czo2OiJmMDE4ODAiO3M6MjoiaWQiO2k6OTI5MDc3MzI7czoyMToiZGVmYXVsdF9wcm9maWxlX2ltYWdlIjtiOjA7czoxNDoic3RhdHVzZXNfY291bnQiO2k6OTY5MTtzOjk6ImZvbGxvd2luZyI7TjtzOjEwOiJ1dGNfb2Zmc2V0IjtpOjI1MjAwO3M6Mjg6InByb2ZpbGVfc2lkZWJhcl9ib3JkZXJfY29sb3IiO3M6NjoiZmZmZmZmIjt9czoyOiJpZCI7ZDo3MzcwNTczOTk4NTc1MjA2NDtzOjIxOiJpbl9yZXBseV90b19zdGF0dXNfaWQiO047fQ==', 1),
(73705984907948032, 2, '2011-05-26 18:04:11', 'Tzo4OiJzdGRDbGFzcyI6MjA6e3M6MTk6ImluX3JlcGx5X3RvX3VzZXJfaWQiO047czo0OiJ0ZXh0IjtzOjIzOiIjdGFudGFuZ2Fua2ltY2hpIGlnbm9yZSI7czozOiJnZW8iO047czo5OiJmYXZvcml0ZWQiO2I6MDtzOjI1OiJpbl9yZXBseV90b19zdGF0dXNfaWRfc3RyIjtOO3M6MTM6InJldHdlZXRfY291bnQiO2k6MDtzOjEwOiJjcmVhdGVkX2F0IjtzOjMwOiJUaHUgTWF5IDI2IDExOjA0OjEwICswMDAwIDIwMTEiO3M6MTE6ImNvb3JkaW5hdGVzIjtOO3M6MjM6ImluX3JlcGx5X3RvX3NjcmVlbl9uYW1lIjtOO3M6Njoic291cmNlIjtzOjM6IndlYiI7czoyMzoiaW5fcmVwbHlfdG9fdXNlcl9pZF9zdHIiO047czo2OiJpZF9zdHIiO3M6MTc6IjczNzA1OTg0OTA3OTQ4MDMyIjtzOjEyOiJjb250cmlidXRvcnMiO047czo5OiJyZXR3ZWV0ZWQiO2I6MDtzOjg6ImVudGl0aWVzIjtPOjg6InN0ZENsYXNzIjozOntzOjQ6InVybHMiO2E6MDp7fXM6MTM6InVzZXJfbWVudGlvbnMiO2E6MDp7fXM6ODoiaGFzaHRhZ3MiO2E6MTp7aTowO086ODoic3RkQ2xhc3MiOjI6e3M6NDoidGV4dCI7czoxNToidGFudGFuZ2Fua2ltY2hpIjtzOjc6ImluZGljZXMiO2E6Mjp7aTowO2k6MDtpOjE7aToxNjt9fX19czo5OiJ0cnVuY2F0ZWQiO2I6MDtzOjU6InBsYWNlIjtOO3M6NDoidXNlciI7Tzo4OiJzdGRDbGFzcyI6MzY6e3M6ODoidmVyaWZpZWQiO2I6MDtzOjk6InRpbWVfem9uZSI7TjtzOjE2OiJmYXZvdXJpdGVzX2NvdW50IjtpOjA7czo4OiJsb2NhdGlvbiI7czowOiIiO3M6Mjg6InByb2ZpbGVfdXNlX2JhY2tncm91bmRfaW1hZ2UiO2I6MTtzOjE3OiJwcm9maWxlX2ltYWdlX3VybCI7czo4OToiaHR0cDovL2EwLnR3aW1nLmNvbS9wcm9maWxlX2ltYWdlcy8xMzIwODI4NDE5L2ZlY2NhMTdjNTlkN2JiM2YwMTNlNzRhZWYzOGU2OTc0X25vcm1hbC5qcGciO3M6MTk6ImZvbGxvd19yZXF1ZXN0X3NlbnQiO047czoyNDoicHJvZmlsZV9iYWNrZ3JvdW5kX2NvbG9yIjtzOjY6IkMwREVFRCI7czoyODoicHJvZmlsZV9iYWNrZ3JvdW5kX2ltYWdlX3VybCI7czo0NzoiaHR0cDovL2EwLnR3aW1nLmNvbS9pbWFnZXMvdGhlbWVzL3RoZW1lMS9iZy5wbmciO3M6MTA6ImNyZWF0ZWRfYXQiO3M6MzA6Ik1vbiBGZWIgMTUgMDg6MzE6MDUgKzAwMDAgMjAxMCI7czoxMToiZGVzY3JpcHRpb24iO3M6MDoiIjtzOjExOiJzY3JlZW5fbmFtZSI7czoxNToicHJvZ3JhbWthcmJpdGFuIjtzOjY6ImlkX3N0ciI7czo5OiIxMTQ0MDE0NzgiO3M6MTM6ImlzX3RyYW5zbGF0b3IiO2I6MDtzOjEzOiJub3RpZmljYXRpb25zIjtOO3M6MTg6InByb2ZpbGVfdGV4dF9jb2xvciI7czo2OiIzMzMzMzMiO3M6MTI6Imxpc3RlZF9jb3VudCI7aTowO3M6MjY6InByb2ZpbGVfc2lkZWJhcl9maWxsX2NvbG9yIjtzOjY6IkRERUVGNiI7czoxNToiZm9sbG93ZXJzX2NvdW50IjtpOjI7czoyMToic2hvd19hbGxfaW5saW5lX21lZGlhIjtiOjA7czo0OiJsYW5nIjtzOjI6ImVuIjtzOjExOiJnZW9fZW5hYmxlZCI7YjowO3M6MjM6InByb2ZpbGVfYmFja2dyb3VuZF90aWxlIjtiOjA7czo5OiJwcm90ZWN0ZWQiO2I6MDtzOjIwOiJjb250cmlidXRvcnNfZW5hYmxlZCI7YjowO3M6MTM6ImZyaWVuZHNfY291bnQiO2k6NjtzOjM6InVybCI7TjtzOjQ6Im5hbWUiO3M6MTg6InByb2dyYW1tZXJrYXJiaXRhbiI7czoxODoicHJvZmlsZV9saW5rX2NvbG9yIjtzOjY6IjAwODRCNCI7czoyOiJpZCI7aToxMTQ0MDE0Nzg7czoyMToiZGVmYXVsdF9wcm9maWxlX2ltYWdlIjtiOjA7czoxNToiZGVmYXVsdF9wcm9maWxlIjtiOjE7czoxNDoic3RhdHVzZXNfY291bnQiO2k6NTk7czo5OiJmb2xsb3dpbmciO047czoxMDoidXRjX29mZnNldCI7TjtzOjI4OiJwcm9maWxlX3NpZGViYXJfYm9yZGVyX2NvbG9yIjtzOjY6IkMwREVFRCI7fXM6MjoiaWQiO2Q6NzM3MDU5ODQ5MDc5NDgwMzI7czoyMToiaW5fcmVwbHlfdG9fc3RhdHVzX2lkIjtOO30=', 1),
(73706312067854336, 3, '2011-05-26 18:05:29', 'Tzo4OiJzdGRDbGFzcyI6MjE6e3M6MTk6ImluX3JlcGx5X3RvX3VzZXJfaWQiO047czo0OiJ0ZXh0IjtzOjE0MDoiUlQgQG1hbmRpcmlmaWVzdGE6IFNpYXBhIGJlbHVtIGlrdXRhbiAjVGFudGFuZ2FuS2ltY2hpIGhhcmkgaW5pPyBCdXJ1YW4gaWt1dGFuICYgbWVuYW5na2FuIDIgdGlrZXQgS0lNQ0hJIDIwMTEgdGlhcCBoYXJpbnlhLiBDZWsgdGltZWxpbiAuLi4iO3M6MzoiZ2VvIjtOO3M6OToiZmF2b3JpdGVkIjtiOjA7czoyNToiaW5fcmVwbHlfdG9fc3RhdHVzX2lkX3N0ciI7TjtzOjEzOiJyZXR3ZWV0X2NvdW50IjtpOjQ7czoxMDoiY3JlYXRlZF9hdCI7czozMDoiVGh1IE1heSAyNiAxMTowNToyOCArMDAwMCAyMDExIjtzOjExOiJjb29yZGluYXRlcyI7TjtzOjIzOiJpbl9yZXBseV90b19zY3JlZW5fbmFtZSI7TjtzOjY6InNvdXJjZSI7czo4MzoiPGEgaHJlZj0iaHR0cDovL2JsYWNrYmVycnkuY29tL3R3aXR0ZXIiIHJlbD0ibm9mb2xsb3ciPlR3aXR0ZXIgZm9yIEJsYWNrQmVycnnCrjwvYT4iO3M6MjM6ImluX3JlcGx5X3RvX3VzZXJfaWRfc3RyIjtOO3M6NjoiaWRfc3RyIjtzOjE3OiI3MzcwNjMxMjA2Nzg1NDMzNiI7czoxMjoiY29udHJpYnV0b3JzIjtOO3M6OToicmV0d2VldGVkIjtiOjA7czo4OiJlbnRpdGllcyI7Tzo4OiJzdGRDbGFzcyI6Mzp7czo4OiJoYXNodGFncyI7YToxOntpOjA7Tzo4OiJzdGRDbGFzcyI6Mjp7czo0OiJ0ZXh0IjtzOjE1OiJUYW50YW5nYW5LaW1jaGkiO3M6NzoiaW5kaWNlcyI7YToyOntpOjA7aTozODtpOjE7aTo1NDt9fX1zOjQ6InVybHMiO2E6MDp7fXM6MTM6InVzZXJfbWVudGlvbnMiO2E6MTp7aTowO086ODoic3RkQ2xhc3MiOjU6e3M6NzoiaW5kaWNlcyI7YToyOntpOjA7aTozO2k6MTtpOjE3O31zOjExOiJzY3JlZW5fbmFtZSI7czoxMzoibWFuZGlyaWZpZXN0YSI7czo2OiJpZF9zdHIiO3M6OToiMjAyNjU1NDQwIjtzOjQ6Im5hbWUiO3M6MTQ6Im1hbmRpcmkgZmllc3RhIjtzOjI6ImlkIjtpOjIwMjY1NTQ0MDt9fX1zOjk6InRydW5jYXRlZCI7YjoxO3M6MTY6InJldHdlZXRlZF9zdGF0dXMiO086ODoic3RkQ2xhc3MiOjIwOntzOjE5OiJpbl9yZXBseV90b191c2VyX2lkIjtOO3M6NDoidGV4dCI7czoxMjk6IlNpYXBhIGJlbHVtIGlrdXRhbiAjVGFudGFuZ2FuS2ltY2hpIGhhcmkgaW5pPyBCdXJ1YW4gaWt1dGFuICYgbWVuYW5na2FuIDIgdGlrZXQgS0lNQ0hJIDIwMTEgdGlhcCBoYXJpbnlhLiBDZWsgdGltZWxpbmUga2FtaSB5YSA6KSI7czozOiJnZW8iO047czo5OiJmYXZvcml0ZWQiO2I6MDtzOjI1OiJpbl9yZXBseV90b19zdGF0dXNfaWRfc3RyIjtOO3M6MTM6InJldHdlZXRfY291bnQiO2k6NDtzOjEwOiJjcmVhdGVkX2F0IjtzOjMwOiJUaHUgTWF5IDI2IDEwOjA1OjAwICswMDAwIDIwMTEiO3M6MTE6ImNvb3JkaW5hdGVzIjtOO3M6MjM6ImluX3JlcGx5X3RvX3NjcmVlbl9uYW1lIjtOO3M6Njoic291cmNlIjtzOjcxOiI8YSBocmVmPSJodHRwOi8vY290d2VldC5jb20vP3V0bV9zb3VyY2U9c3AxIiByZWw9Im5vZm9sbG93Ij5Db1R3ZWV0PC9hPiI7czoyMzoiaW5fcmVwbHlfdG9fdXNlcl9pZF9zdHIiO047czo2OiJpZF9zdHIiO3M6MTc6IjczNjkxMDk1MDQ5MDUyMTYwIjtzOjEyOiJjb250cmlidXRvcnMiO047czo5OiJyZXR3ZWV0ZWQiO2I6MDtzOjg6ImVudGl0aWVzIjtPOjg6InN0ZENsYXNzIjozOntzOjg6Imhhc2h0YWdzIjthOjE6e2k6MDtPOjg6InN0ZENsYXNzIjoyOntzOjQ6InRleHQiO3M6MTU6IlRhbnRhbmdhbktpbWNoaSI7czo3OiJpbmRpY2VzIjthOjI6e2k6MDtpOjE5O2k6MTtpOjM1O319fXM6NDoidXJscyI7YTowOnt9czoxMzoidXNlcl9tZW50aW9ucyI7YTowOnt9fXM6OToidHJ1bmNhdGVkIjtiOjA7czo1OiJwbGFjZSI7TjtzOjQ6InVzZXIiO086ODoic3RkQ2xhc3MiOjM2OntzOjg6InZlcmlmaWVkIjtiOjA7czo5OiJ0aW1lX3pvbmUiO3M6NzoiSmFrYXJ0YSI7czoxNjoiZmF2b3VyaXRlc19jb3VudCI7aToxO3M6ODoibG9jYXRpb24iO3M6MDoiIjtzOjI4OiJwcm9maWxlX3VzZV9iYWNrZ3JvdW5kX2ltYWdlIjtiOjE7czoxNzoicHJvZmlsZV9pbWFnZV91cmwiO3M6NzI6Imh0dHA6Ly9hMy50d2ltZy5jb20vcHJvZmlsZV9pbWFnZXMvMTE2MjQwMTE2Mi9tYW5kaXJpX2xvZ29fdHdfbm9ybWFsLmpwZyI7czoxOToiZm9sbG93X3JlcXVlc3Rfc2VudCI7TjtzOjI0OiJwcm9maWxlX2JhY2tncm91bmRfY29sb3IiO3M6NjoiQzBERUVEIjtzOjI4OiJwcm9maWxlX2JhY2tncm91bmRfaW1hZ2VfdXJsIjtzOjgxOiJodHRwOi8vYTIudHdpbWcuY29tL3Byb2ZpbGVfYmFja2dyb3VuZF9pbWFnZXMvMTk0OTYwMDI4L01BTl9GSUVTVEFfMTI4MHg4MDBweC5qcGciO3M6MTA6ImNyZWF0ZWRfYXQiO3M6MzA6IlRodSBPY3QgMTQgMTQ6NDc6NDcgKzAwMDAgMjAxMCI7czoxMToiZGVzY3JpcHRpb24iO3M6MTI5OiJVbnR1ayBiZXJiYWdhaSB0cmFzYWtzaSBwZXJiYW5rYW4gZ3VuYWthbiBzbXMgYmFua2luZyBtYW5kaXJpLCB0cmFuc2Frc2kgamFkaSBjZXBhdCBkYW4gbXVkYWguIE1vcmUgaW5mbyBodHRwOi8vYml0Lmx5Lzl5Y3E1NQ0KDQoiO3M6MTE6InNjcmVlbl9uYW1lIjtzOjEzOiJtYW5kaXJpZmllc3RhIjtzOjY6ImlkX3N0ciI7czo5OiIyMDI2NTU0NDAiO3M6MTM6ImlzX3RyYW5zbGF0b3IiO2I6MDtzOjEzOiJub3RpZmljYXRpb25zIjtOO3M6MTg6InByb2ZpbGVfdGV4dF9jb2xvciI7czo2OiIzMzMzMzMiO3M6MTI6Imxpc3RlZF9jb3VudCI7aTozMjtzOjI2OiJwcm9maWxlX3NpZGViYXJfZmlsbF9jb2xvciI7czo2OiJEREVFRjYiO3M6MTU6ImZvbGxvd2Vyc19jb3VudCI7aTo2MzA1O3M6MjE6InNob3dfYWxsX2lubGluZV9tZWRpYSI7YjowO3M6NDoibGFuZyI7czoyOiJlbiI7czoxMToiZ2VvX2VuYWJsZWQiO2I6MDtzOjIzOiJwcm9maWxlX2JhY2tncm91bmRfdGlsZSI7YjowO3M6OToicHJvdGVjdGVkIjtiOjA7czoxNToiZGVmYXVsdF9wcm9maWxlIjtiOjA7czoyMDoiY29udHJpYnV0b3JzX2VuYWJsZWQiO2I6MDtzOjEzOiJmcmllbmRzX2NvdW50IjtpOjI1OTtzOjM6InVybCI7czoyODoiaHR0cDovL3d3dy5iYW5rbWFuZGlyaS5jby5pZCI7czo0OiJuYW1lIjtzOjE0OiJtYW5kaXJpIGZpZXN0YSI7czoxODoicHJvZmlsZV9saW5rX2NvbG9yIjtzOjY6IjAwODRCNCI7czoyOiJpZCI7aToyMDI2NTU0NDA7czoyMToiZGVmYXVsdF9wcm9maWxlX2ltYWdlIjtiOjA7czoxNDoic3RhdHVzZXNfY291bnQiO2k6MTAxMztzOjk6ImZvbGxvd2luZyI7TjtzOjEwOiJ1dGNfb2Zmc2V0IjtpOjI1MjAwO3M6Mjg6InByb2ZpbGVfc2lkZWJhcl9ib3JkZXJfY29sb3IiO3M6NjoiQzBERUVEIjt9czoyOiJpZCI7ZDo3MzY5MTA5NTA0OTA1MjE2MDtzOjIxOiJpbl9yZXBseV90b19zdGF0dXNfaWQiO047fXM6NToicGxhY2UiO047czo0OiJ1c2VyIjtPOjg6InN0ZENsYXNzIjozNjp7czo4OiJ2ZXJpZmllZCI7YjowO3M6OToidGltZV96b25lIjtzOjI2OiJQYWNpZmljIFRpbWUgKFVTICYgQ2FuYWRhKSI7czoxNjoiZmF2b3VyaXRlc19jb3VudCI7aTowO3M6ODoibG9jYXRpb24iO3M6MjU6IsOcVDogLTYuMTI5MTAxLDEwNi43ODA2MzMiO3M6Mjg6InByb2ZpbGVfdXNlX2JhY2tncm91bmRfaW1hZ2UiO2I6MTtzOjE3OiJwcm9maWxlX2ltYWdlX3VybCI7czo3OToiaHR0cDovL2EyLnR3aW1nLmNvbS9wcm9maWxlX2ltYWdlcy8xMzQ2NTYwOTEyL0lNRzA0NjQ4LTIwMTEwMzMxLTIxMTNfbm9ybWFsLmpwZyI7czoxOToiZm9sbG93X3JlcXVlc3Rfc2VudCI7TjtzOjI0OiJwcm9maWxlX2JhY2tncm91bmRfY29sb3IiO3M6NjoiMUExQjFGIjtzOjI4OiJwcm9maWxlX2JhY2tncm91bmRfaW1hZ2VfdXJsIjtzOjQ3OiJodHRwOi8vYTEudHdpbWcuY29tL2ltYWdlcy90aGVtZXMvdGhlbWU5L2JnLmdpZiI7czoxMDoiY3JlYXRlZF9hdCI7czozMDoiVGh1IEZlYiAxMSAxNToyMzowNCArMDAwMCAyMDEwIjtzOjExOiJkZXNjcmlwdGlvbiI7czozNToi4oCibXVzaWPigKJkcmF3aW5n4oCicGhvdG9ncmFwaHnigKIiO3M6MTE6InNjcmVlbl9uYW1lIjtzOjk6Im1hcnZpaW5hYSI7czo2OiJpZF9zdHIiO3M6OToiMTEzMzc3MTIxIjtzOjEzOiJpc190cmFuc2xhdG9yIjtiOjA7czoxMzoibm90aWZpY2F0aW9ucyI7TjtzOjE4OiJwcm9maWxlX3RleHRfY29sb3IiO3M6NjoiNjY2NjY2IjtzOjEyOiJsaXN0ZWRfY291bnQiO2k6MjtzOjI2OiJwcm9maWxlX3NpZGViYXJfZmlsbF9jb2xvciI7czo2OiIyNTI0MjkiO3M6MTU6ImZvbGxvd2Vyc19jb3VudCI7aToxNTI7czoyMToic2hvd19hbGxfaW5saW5lX21lZGlhIjtiOjA7czo0OiJsYW5nIjtzOjI6ImVuIjtzOjExOiJnZW9fZW5hYmxlZCI7YjowO3M6MjM6InByb2ZpbGVfYmFja2dyb3VuZF90aWxlIjtiOjA7czo5OiJwcm90ZWN0ZWQiO2I6MDtzOjE1OiJkZWZhdWx0X3Byb2ZpbGUiO2I6MDtzOjIwOiJjb250cmlidXRvcnNfZW5hYmxlZCI7YjowO3M6MTM6ImZyaWVuZHNfY291bnQiO2k6MTkzO3M6MzoidXJsIjtOO3M6NDoibmFtZSI7czoxOToiTWFydmluYSBIYWxpbSBQdXRyaSI7czoxODoicHJvZmlsZV9saW5rX2NvbG9yIjtzOjY6IjJGQzJFRiI7czoyOiJpZCI7aToxMTMzNzcxMjE7czoyMToiZGVmYXVsdF9wcm9maWxlX2ltYWdlIjtiOjA7czoxNDoic3RhdHVzZXNfY291bnQiO2k6NzcyODtzOjk6ImZvbGxvd2luZyI7TjtzOjEwOiJ1dGNfb2Zmc2V0IjtpOi0yODgwMDtzOjI4OiJwcm9maWxlX3NpZGViYXJfYm9yZGVyX2NvbG9yIjtzOjY6IjE4MUExRSI7fXM6MjoiaWQiO2Q6NzM3MDYzMTIwNjc4NTQzMzY7czoyMToiaW5fcmVwbHlfdG9fc3RhdHVzX2lkIjtOO30=', 1),
(73706358578491392, 4, '2011-05-26 18:05:40', 'Tzo4OiJzdGRDbGFzcyI6MjA6e3M6MTk6ImluX3JlcGx5X3RvX3VzZXJfaWQiO2k6MjMwNzEzNjQwO3M6NDoidGV4dCI7czozNjoiQHN0X3RzYW5hIHNlbWFuZ2F0IHlhIG5nYW50cmlueWEhIDopIjtzOjM6ImdlbyI7TjtzOjk6ImZhdm9yaXRlZCI7YjowO3M6MjU6ImluX3JlcGx5X3RvX3N0YXR1c19pZF9zdHIiO3M6MTc6IjczNjkyNTAyOTMwMTA0MzIwIjtzOjEzOiJyZXR3ZWV0X2NvdW50IjtpOjA7czoxMDoiY3JlYXRlZF9hdCI7czozMDoiVGh1IE1heSAyNiAxMTowNTozOSArMDAwMCAyMDExIjtzOjExOiJjb29yZGluYXRlcyI7TjtzOjIzOiJpbl9yZXBseV90b19zY3JlZW5fbmFtZSI7czo4OiJzdF90c2FuYSI7czo2OiJzb3VyY2UiO3M6NjM6IjxhIGhyZWY9Imh0dHA6Ly93d3cudHdlZXRkZWNrLmNvbSIgcmVsPSJub2ZvbGxvdyI+VHdlZXREZWNrPC9hPiI7czoyMzoiaW5fcmVwbHlfdG9fdXNlcl9pZF9zdHIiO3M6OToiMjMwNzEzNjQwIjtzOjY6ImlkX3N0ciI7czoxNzoiNzM3MDYzNTg1Nzg0OTEzOTIiO3M6MTI6ImNvbnRyaWJ1dG9ycyI7TjtzOjk6InJldHdlZXRlZCI7YjowO3M6ODoiZW50aXRpZXMiO086ODoic3RkQ2xhc3MiOjM6e3M6NDoidXJscyI7YTowOnt9czoxMzoidXNlcl9tZW50aW9ucyI7YToxOntpOjA7Tzo4OiJzdGRDbGFzcyI6NTp7czo3OiJpbmRpY2VzIjthOjI6e2k6MDtpOjA7aToxO2k6OTt9czoxMToic2NyZWVuX25hbWUiO3M6ODoic3RfdHNhbmEiO3M6NjoiaWRfc3RyIjtzOjk6IjIzMDcxMzY0MCI7czo0OiJuYW1lIjtzOjExOiJTSVRJICBUU0FOQSI7czoyOiJpZCI7aToyMzA3MTM2NDA7fX1zOjg6Imhhc2h0YWdzIjthOjA6e319czo5OiJ0cnVuY2F0ZWQiO2I6MDtzOjU6InBsYWNlIjtOO3M6NDoidXNlciI7Tzo4OiJzdGRDbGFzcyI6MzY6e3M6ODoidmVyaWZpZWQiO2I6MDtzOjk6InRpbWVfem9uZSI7czo3OiJKYWthcnRhIjtzOjE2OiJmYXZvdXJpdGVzX2NvdW50IjtpOjI7czo4OiJsb2NhdGlvbiI7czoyNToiw5xUOiAtNi4yNjA2MDcsMTA2Ljk3MDgzMiI7czoyODoicHJvZmlsZV91c2VfYmFja2dyb3VuZF9pbWFnZSI7YjowO3M6MTc6InByb2ZpbGVfaW1hZ2VfdXJsIjtzOjc1OiJodHRwOi8vYTEudHdpbWcuY29tL3Byb2ZpbGVfaW1hZ2VzLzExNjQ2NDUzNDkvRkJfbWFnbnVtXzJfYWN0dWFsX25vcm1hbC5qcGciO3M6MTk6ImZvbGxvd19yZXF1ZXN0X3NlbnQiO047czoyNDoicHJvZmlsZV9iYWNrZ3JvdW5kX2NvbG9yIjtzOjY6IjJlMGMwMCI7czoyODoicHJvZmlsZV9iYWNrZ3JvdW5kX2ltYWdlX3VybCI7czo2NDoiaHR0cDovL2EzLnR3aW1nLmNvbS9wcm9maWxlX2JhY2tncm91bmRfaW1hZ2VzLzE2ODI1Nzg0Ni9iZ3R3LnBuZyI7czoxMDoiY3JlYXRlZF9hdCI7czozMDoiTW9uIE9jdCAxOCAwOTo0MzoxNSArMDAwMCAyMDEwIjtzOjExOiJkZXNjcmlwdGlvbiI7czo0MzoiTWFuamFrYW4gZGlyaW11IGRhbGFtIGtlbmlrbWF0YW4geWFuZyBtZXdhaCI7czoxMToic2NyZWVuX25hbWUiO3M6MTA6Ik15TWFnbnVtSUQiO3M6MTU6ImRlZmF1bHRfcHJvZmlsZSI7YjowO3M6NjoiaWRfc3RyIjtzOjk6IjIwNDI2NTAwOSI7czoxMzoiaXNfdHJhbnNsYXRvciI7YjowO3M6MTM6Im5vdGlmaWNhdGlvbnMiO047czoxODoicHJvZmlsZV90ZXh0X2NvbG9yIjtzOjY6IjMzMzMzMyI7czoxMjoibGlzdGVkX2NvdW50IjtpOjY2O3M6MjY6InByb2ZpbGVfc2lkZWJhcl9maWxsX2NvbG9yIjtzOjY6ImZmY2M0MSI7czoxNToiZm9sbG93ZXJzX2NvdW50IjtpOjE1NDc5O3M6MjE6InNob3dfYWxsX2lubGluZV9tZWRpYSI7YjoxO3M6NDoibGFuZyI7czoyOiJlbiI7czoxMToiZ2VvX2VuYWJsZWQiO2I6MDtzOjIzOiJwcm9maWxlX2JhY2tncm91bmRfdGlsZSI7YjoxO3M6OToicHJvdGVjdGVkIjtiOjA7czoyMDoiY29udHJpYnV0b3JzX2VuYWJsZWQiO2I6MDtzOjEzOiJmcmllbmRzX2NvdW50IjtpOjIxNzk7czozOiJ1cmwiO3M6MzQ6Imh0dHA6Ly93d3cuZmFjZWJvb2suY29tL015TWFnbnVtSUQiO3M6NDoibmFtZSI7czoxMjoiV2FsbHMgTWFnbnVtIjtzOjE4OiJwcm9maWxlX2xpbmtfY29sb3IiO3M6NjoiOUQ1ODJFIjtzOjI6ImlkIjtpOjIwNDI2NTAwOTtzOjIxOiJkZWZhdWx0X3Byb2ZpbGVfaW1hZ2UiO2I6MDtzOjE0OiJzdGF0dXNlc19jb3VudCI7aToxMTA1MztzOjk6ImZvbGxvd2luZyI7TjtzOjEwOiJ1dGNfb2Zmc2V0IjtpOjI1MjAwO3M6Mjg6InByb2ZpbGVfc2lkZWJhcl9ib3JkZXJfY29sb3IiO3M6NjoiZGM5MzE1Ijt9czoyOiJpZCI7ZDo3MzcwNjM1ODU3ODQ5MTM5MjtzOjIxOiJpbl9yZXBseV90b19zdGF0dXNfaWQiO2Q6NzM2OTI1MDI5MzAxMDQzMjA7fQ==', 1),
(73711545204490241, 5, '2011-05-26 18:26:16', 'Tzo4OiJzdGRDbGFzcyI6MjA6e3M6MTk6ImluX3JlcGx5X3RvX3VzZXJfaWQiO047czo0OiJ0ZXh0IjtzOjEzOToiYWt1IGFrdSBha3UgUlQgQG1hbmRpcmlmaWVzdGE6IFNpYXBhIGJlbHVtIGlrdXRhbiAjVGFudGFuZ2FuS2ltY2hpIGhhcmkgaW5pPyBCdXJ1YW4gaWt1dGFuICYgbWVuYW5na2FuIDIgdGlrZXQgS0lNQ0hJIDIwMTEgdGlhcCBoYXJpbnlhLiBDZSI7czozOiJnZW8iO047czo5OiJmYXZvcml0ZWQiO2I6MDtzOjI1OiJpbl9yZXBseV90b19zdGF0dXNfaWRfc3RyIjtOO3M6MTM6InJldHdlZXRfY291bnQiO2k6MDtzOjEwOiJjcmVhdGVkX2F0IjtzOjMwOiJUaHUgTWF5IDI2IDExOjI2OjE2ICswMDAwIDIwMTEiO3M6MTE6ImNvb3JkaW5hdGVzIjtOO3M6MjM6ImluX3JlcGx5X3RvX3NjcmVlbl9uYW1lIjtOO3M6Njoic291cmNlIjtzOjU3OiI8YSBocmVmPSJodHRwOi8vbS50dWl0d2l0LmNvbSIgcmVsPSJub2ZvbGxvdyI+VHVpdHdpdDwvYT4iO3M6MjM6ImluX3JlcGx5X3RvX3VzZXJfaWRfc3RyIjtOO3M6NjoiaWRfc3RyIjtzOjE3OiI3MzcxMTU0NTIwNDQ5MDI0MSI7czoxMjoiY29udHJpYnV0b3JzIjtOO3M6OToicmV0d2VldGVkIjtiOjA7czo4OiJlbnRpdGllcyI7Tzo4OiJzdGRDbGFzcyI6Mzp7czo0OiJ1cmxzIjthOjA6e31zOjEzOiJ1c2VyX21lbnRpb25zIjthOjE6e2k6MDtPOjg6InN0ZENsYXNzIjo1OntzOjc6ImluZGljZXMiO2E6Mjp7aTowO2k6MTU7aToxO2k6Mjk7fXM6MTE6InNjcmVlbl9uYW1lIjtzOjEzOiJtYW5kaXJpZmllc3RhIjtzOjY6ImlkX3N0ciI7czo5OiIyMDI2NTU0NDAiO3M6NDoibmFtZSI7czoxNDoibWFuZGlyaSBmaWVzdGEiO3M6MjoiaWQiO2k6MjAyNjU1NDQwO319czo4OiJoYXNodGFncyI7YToxOntpOjA7Tzo4OiJzdGRDbGFzcyI6Mjp7czo0OiJ0ZXh0IjtzOjE1OiJUYW50YW5nYW5LaW1jaGkiO3M6NzoiaW5kaWNlcyI7YToyOntpOjA7aTo1MDtpOjE7aTo2Njt9fX19czo5OiJ0cnVuY2F0ZWQiO2I6MDtzOjU6InBsYWNlIjtOO3M6NDoidXNlciI7Tzo4OiJzdGRDbGFzcyI6MzY6e3M6ODoidmVyaWZpZWQiO2I6MDtzOjk6InRpbWVfem9uZSI7czoyNjoiUGFjaWZpYyBUaW1lIChVUyAmIENhbmFkYSkiO3M6MTY6ImZhdm91cml0ZXNfY291bnQiO2k6MjI7czo4OiJsb2NhdGlvbiI7czowOiIiO3M6Mjg6InByb2ZpbGVfdXNlX2JhY2tncm91bmRfaW1hZ2UiO2I6MTtzOjE3OiJwcm9maWxlX2ltYWdlX3VybCI7czo2NjoiaHR0cDovL2ExLnR3aW1nLmNvbS9wcm9maWxlX2ltYWdlcy8xMzQyNDU1MjcxL0ZvdG9fMTc2MV9ub3JtYWwuanBnIjtzOjE5OiJmb2xsb3dfcmVxdWVzdF9zZW50IjtOO3M6MjQ6InByb2ZpbGVfYmFja2dyb3VuZF9jb2xvciI7czo2OiIwNzFjYmEiO3M6Mjg6InByb2ZpbGVfYmFja2dyb3VuZF9pbWFnZV91cmwiO3M6Njk6Imh0dHA6Ly9hMy50d2ltZy5jb20vcHJvZmlsZV9iYWNrZ3JvdW5kX2ltYWdlcy8yNDc3MTU1MzgvS3l1aHl1bl80LmpwZyI7czoxMDoiY3JlYXRlZF9hdCI7czozMDoiVHVlIE1hciAwMSAwNTo0MzoyNSArMDAwMCAyMDExIjtzOjExOiJkZXNjcmlwdGlvbiI7czoxNToiRUxGaW5kb19TcGFya3l1IjtzOjExOiJzY3JlZW5fbmFtZSI7czo2OiJtaUxfd2UiO3M6NjoiaWRfc3RyIjtzOjk6IjI1OTEzMTA2NiI7czoxMzoiaXNfdHJhbnNsYXRvciI7YjowO3M6MTM6Im5vdGlmaWNhdGlvbnMiO047czoxODoicHJvZmlsZV90ZXh0X2NvbG9yIjtzOjY6ImUwMDlhMyI7czoxNToiZGVmYXVsdF9wcm9maWxlIjtiOjA7czoxMjoibGlzdGVkX2NvdW50IjtpOjA7czoyNjoicHJvZmlsZV9zaWRlYmFyX2ZpbGxfY29sb3IiO3M6NjoiMTkyNmIzIjtzOjE1OiJmb2xsb3dlcnNfY291bnQiO2k6MzI7czoyMToic2hvd19hbGxfaW5saW5lX21lZGlhIjtiOjE7czo0OiJsYW5nIjtzOjI6ImVuIjtzOjExOiJnZW9fZW5hYmxlZCI7YjowO3M6MjM6InByb2ZpbGVfYmFja2dyb3VuZF90aWxlIjtiOjE7czo5OiJwcm90ZWN0ZWQiO2I6MDtzOjIwOiJjb250cmlidXRvcnNfZW5hYmxlZCI7YjowO3M6MTM6ImZyaWVuZHNfY291bnQiO2k6MjYwO3M6MzoidXJsIjtOO3M6NDoibmFtZSI7czoxMToiRW1pbGlhIERld2kiO3M6MTg6InByb2ZpbGVfbGlua19jb2xvciI7czo2OiJlMDA3YWQiO3M6MjoiaWQiO2k6MjU5MTMxMDY2O3M6MjE6ImRlZmF1bHRfcHJvZmlsZV9pbWFnZSI7YjowO3M6MTQ6InN0YXR1c2VzX2NvdW50IjtpOjIzMTtzOjk6ImZvbGxvd2luZyI7TjtzOjEwOiJ1dGNfb2Zmc2V0IjtpOi0yODgwMDtzOjI4OiJwcm9maWxlX3NpZGViYXJfYm9yZGVyX2NvbG9yIjtzOjY6ImQ2MTFiZiI7fXM6MjoiaWQiO2Q6NzM3MTE1NDUyMDQ0OTAyNDA7czoyMToiaW5fcmVwbHlfdG9fc3RhdHVzX2lkIjtOO30=', 1),
(73711560060715008, 6, '2011-05-26 18:26:21', 'Tzo4OiJzdGRDbGFzcyI6MjA6e3M6MTk6ImluX3JlcGx5X3RvX3VzZXJfaWQiO047czo0OiJ0ZXh0IjtzOjY0OiJreXVoeXVuLGxlZXRldWssZXVuaHl1ayxzaGluZG9uZyBAbWFuZGlyaWZpZXN0YSAjVGFudGFuZ2FuS2ltY2hpIjtzOjM6ImdlbyI7TjtzOjk6ImZhdm9yaXRlZCI7YjowO3M6MjU6ImluX3JlcGx5X3RvX3N0YXR1c19pZF9zdHIiO047czoxMzoicmV0d2VldF9jb3VudCI7aTowO3M6MTA6ImNyZWF0ZWRfYXQiO3M6MzA6IlRodSBNYXkgMjYgMTE6MjY6MjAgKzAwMDAgMjAxMSI7czoxMToiY29vcmRpbmF0ZXMiO047czoyMzoiaW5fcmVwbHlfdG9fc2NyZWVuX25hbWUiO047czo2OiJzb3VyY2UiO3M6NjU6IjxhIGhyZWY9Imh0dHA6Ly90d2VldGNhdGNoLmNvbSIgcmVsPSJub2ZvbGxvdyI+VHdlZXRDYXRjaC5jb208L2E+IjtzOjIzOiJpbl9yZXBseV90b191c2VyX2lkX3N0ciI7TjtzOjY6ImlkX3N0ciI7czoxNzoiNzM3MTE1NjAwNjA3MTUwMDgiO3M6MTI6ImNvbnRyaWJ1dG9ycyI7TjtzOjk6InJldHdlZXRlZCI7YjowO3M6ODoiZW50aXRpZXMiO086ODoic3RkQ2xhc3MiOjM6e3M6NDoidXJscyI7YTowOnt9czoxMzoidXNlcl9tZW50aW9ucyI7YToxOntpOjA7Tzo4OiJzdGRDbGFzcyI6NTp7czo3OiJpbmRpY2VzIjthOjI6e2k6MDtpOjMzO2k6MTtpOjQ3O31zOjExOiJzY3JlZW5fbmFtZSI7czoxMzoibWFuZGlyaWZpZXN0YSI7czo2OiJpZF9zdHIiO3M6OToiMjAyNjU1NDQwIjtzOjQ6Im5hbWUiO3M6MTQ6Im1hbmRpcmkgZmllc3RhIjtzOjI6ImlkIjtpOjIwMjY1NTQ0MDt9fXM6ODoiaGFzaHRhZ3MiO2E6MTp7aTowO086ODoic3RkQ2xhc3MiOjI6e3M6NDoidGV4dCI7czoxNToiVGFudGFuZ2FuS2ltY2hpIjtzOjc6ImluZGljZXMiO2E6Mjp7aTowO2k6NDg7aToxO2k6NjQ7fX19fXM6OToidHJ1bmNhdGVkIjtiOjA7czo1OiJwbGFjZSI7TjtzOjQ6InVzZXIiO086ODoic3RkQ2xhc3MiOjM2OntzOjg6InZlcmlmaWVkIjtiOjA7czo5OiJ0aW1lX3pvbmUiO3M6MjY6IlBhY2lmaWMgVGltZSAoVVMgJiBDYW5hZGEpIjtzOjE2OiJmYXZvdXJpdGVzX2NvdW50IjtpOjEwO3M6ODoibG9jYXRpb24iO3M6OToiaW5kb25lc2lhIjtzOjI4OiJwcm9maWxlX3VzZV9iYWNrZ3JvdW5kX2ltYWdlIjtiOjE7czoxNzoicHJvZmlsZV9pbWFnZV91cmwiO3M6NjU6Imh0dHA6Ly9hMy50d2ltZy5jb20vcHJvZmlsZV9pbWFnZXMvMTIxOTc5NjEzOS9JbWFnZTI2NF9ub3JtYWwuanBnIjtzOjE1OiJkZWZhdWx0X3Byb2ZpbGUiO2I6MDtzOjE5OiJmb2xsb3dfcmVxdWVzdF9zZW50IjtOO3M6MjQ6InByb2ZpbGVfYmFja2dyb3VuZF9jb2xvciI7czo2OiI2NDJEOEIiO3M6Mjg6InByb2ZpbGVfYmFja2dyb3VuZF9pbWFnZV91cmwiO3M6NjQ6Imh0dHA6Ly9hMi50d2ltZy5jb20vcHJvZmlsZV9iYWNrZ3JvdW5kX2ltYWdlcy8xNzM4MDEyNzYvc2lyYS5qcGciO3M6MTA6ImNyZWF0ZWRfYXQiO3M6MzA6IlN1biBPY3QgMTggMTQ6MDc6MDQgKzAwMDAgMjAwOSI7czoxMToiZGVzY3JpcHRpb24iO3M6MDoiIjtzOjExOiJzY3JlZW5fbmFtZSI7czo3OiJ6YW5paWVzIjtzOjY6ImlkX3N0ciI7czo4OiI4MzM2OTk1NyI7czoxMzoiaXNfdHJhbnNsYXRvciI7YjowO3M6MTM6Im5vdGlmaWNhdGlvbnMiO047czoxODoicHJvZmlsZV90ZXh0X2NvbG9yIjtzOjY6IjNEMTk1NyI7czoxMjoibGlzdGVkX2NvdW50IjtpOjA7czoyNjoicHJvZmlsZV9zaWRlYmFyX2ZpbGxfY29sb3IiO3M6NjoiN0FDM0VFIjtzOjE1OiJmb2xsb3dlcnNfY291bnQiO2k6NjU7czoyMToic2hvd19hbGxfaW5saW5lX21lZGlhIjtiOjA7czo0OiJsYW5nIjtzOjI6ImVuIjtzOjExOiJnZW9fZW5hYmxlZCI7YjoxO3M6MjM6InByb2ZpbGVfYmFja2dyb3VuZF90aWxlIjtiOjE7czo5OiJwcm90ZWN0ZWQiO2I6MDtzOjIwOiJjb250cmlidXRvcnNfZW5hYmxlZCI7YjowO3M6MTM6ImZyaWVuZHNfY291bnQiO2k6MTA0O3M6MzoidXJsIjtOO3M6NDoibmFtZSI7czoxNToiemFoYXJhIG5pc3JpbmFoIjtzOjE4OiJwcm9maWxlX2xpbmtfY29sb3IiO3M6NjoiRkYwMDAwIjtzOjI6ImlkIjtpOjgzMzY5OTU3O3M6MjE6ImRlZmF1bHRfcHJvZmlsZV9pbWFnZSI7YjowO3M6MTQ6InN0YXR1c2VzX2NvdW50IjtpOjEzOTk7czo5OiJmb2xsb3dpbmciO047czoxMDoidXRjX29mZnNldCI7aTotMjg4MDA7czoyODoicHJvZmlsZV9zaWRlYmFyX2JvcmRlcl9jb2xvciI7czo2OiI2NUIwREEiO31zOjI6ImlkIjtkOjczNzExNTYwMDYwNzE1MDA4O3M6MjE6ImluX3JlcGx5X3RvX3N0YXR1c19pZCI7Tjt9', 1),
(73711641530871808, 7, '2011-05-26 18:26:39', 'Tzo4OiJzdGRDbGFzcyI6MjA6e3M6MTk6ImluX3JlcGx5X3RvX3VzZXJfaWQiO2k6MjAyNjU1NDQwO3M6NDoidGV4dCI7czo2NDoiQG1hbmRpcmlmaWVzdGEgbGVldGV1ayBreXVoeXVuIHNoaW5kb25nIGV1bmh5dWsgI3RhbnRhbmdhbmtpbWNoaSI7czozOiJnZW8iO047czo5OiJmYXZvcml0ZWQiO2I6MDtzOjI1OiJpbl9yZXBseV90b19zdGF0dXNfaWRfc3RyIjtOO3M6MTM6InJldHdlZXRfY291bnQiO2k6MDtzOjEwOiJjcmVhdGVkX2F0IjtzOjMwOiJUaHUgTWF5IDI2IDExOjI2OjM5ICswMDAwIDIwMTEiO3M6MTE6ImNvb3JkaW5hdGVzIjtOO3M6MjM6ImluX3JlcGx5X3RvX3NjcmVlbl9uYW1lIjtzOjEzOiJtYW5kaXJpZmllc3RhIjtzOjY6InNvdXJjZSI7czo4NDoiPGEgaHJlZj0iaHR0cDovL3R3aXR0ZXIuY29tL2Rvd25sb2FkL2FuZHJvaWQiIHJlbD0ibm9mb2xsb3ciPlR3aXR0ZXIgZm9yIEFuZHJvaWQ8L2E+IjtzOjIzOiJpbl9yZXBseV90b191c2VyX2lkX3N0ciI7czo5OiIyMDI2NTU0NDAiO3M6NjoiaWRfc3RyIjtzOjE3OiI3MzcxMTY0MTUzMDg3MTgwOCI7czoxMjoiY29udHJpYnV0b3JzIjtOO3M6OToicmV0d2VldGVkIjtiOjA7czo4OiJlbnRpdGllcyI7Tzo4OiJzdGRDbGFzcyI6Mzp7czo4OiJoYXNodGFncyI7YToxOntpOjA7Tzo4OiJzdGRDbGFzcyI6Mjp7czo0OiJ0ZXh0IjtzOjE1OiJ0YW50YW5nYW5raW1jaGkiO3M6NzoiaW5kaWNlcyI7YToyOntpOjA7aTo0ODtpOjE7aTo2NDt9fX1zOjQ6InVybHMiO2E6MDp7fXM6MTM6InVzZXJfbWVudGlvbnMiO2E6MTp7aTowO086ODoic3RkQ2xhc3MiOjU6e3M6NzoiaW5kaWNlcyI7YToyOntpOjA7aTowO2k6MTtpOjE0O31zOjExOiJzY3JlZW5fbmFtZSI7czoxMzoibWFuZGlyaWZpZXN0YSI7czo2OiJpZF9zdHIiO3M6OToiMjAyNjU1NDQwIjtzOjQ6Im5hbWUiO3M6MTQ6Im1hbmRpcmkgZmllc3RhIjtzOjI6ImlkIjtpOjIwMjY1NTQ0MDt9fX1zOjk6InRydW5jYXRlZCI7YjowO3M6NToicGxhY2UiO047czo0OiJ1c2VyIjtPOjg6InN0ZENsYXNzIjozNjp7czo4OiJ2ZXJpZmllZCI7YjowO3M6OToidGltZV96b25lIjtzOjc6Ikpha2FydGEiO3M6MTY6ImZhdm91cml0ZXNfY291bnQiO2k6MDtzOjg6ImxvY2F0aW9uIjtzOjEzOiJLWVVNSU4ncyByb29tIjtzOjI4OiJwcm9maWxlX3VzZV9iYWNrZ3JvdW5kX2ltYWdlIjtiOjE7czoxNzoicHJvZmlsZV9pbWFnZV91cmwiO3M6OTM6Imh0dHA6Ly9hMS50d2ltZy5jb20vcHJvZmlsZV9pbWFnZXMvMTA0Njk5MjU1MS8xNmFhOWRlNy01ZGZhLTRhZWUtYjg4OS1kZjczNzZlNzdlOTRfbm9ybWFsLnBuZyI7czoxOToiZm9sbG93X3JlcXVlc3Rfc2VudCI7TjtzOjI0OiJwcm9maWxlX2JhY2tncm91bmRfY29sb3IiO3M6NjoiQzBERUVEIjtzOjI4OiJwcm9maWxlX2JhY2tncm91bmRfaW1hZ2VfdXJsIjtzOjY3OiJodHRwOi8vYTMudHdpbWcuY29tL3Byb2ZpbGVfYmFja2dyb3VuZF9pbWFnZXMvMTExNzI3NzY4LzI4MHYydXUuanBnIjtzOjEwOiJjcmVhdGVkX2F0IjtzOjMwOiJTdW4gSnVuIDEzIDEwOjA2OjMzICswMDAwIDIwMTAiO3M6MTE6ImRlc2NyaXB0aW9uIjtzOjA6IiI7czoxMToic2NyZWVuX25hbWUiO3M6MTU6Im5vdG15YmxhY2tzbWlsZSI7czo2OiJpZF9zdHIiO3M6OToiMTU1MTY4Mjg2IjtzOjEzOiJpc190cmFuc2xhdG9yIjtiOjA7czoxMzoibm90aWZpY2F0aW9ucyI7TjtzOjE4OiJwcm9maWxlX3RleHRfY29sb3IiO3M6NjoiMzMzMzMzIjtzOjEyOiJsaXN0ZWRfY291bnQiO2k6MztzOjI2OiJwcm9maWxlX3NpZGViYXJfZmlsbF9jb2xvciI7czo2OiJEREVFRjYiO3M6MTU6ImZvbGxvd2Vyc19jb3VudCI7aTo4OTtzOjE1OiJkZWZhdWx0X3Byb2ZpbGUiO2I6MDtzOjIxOiJzaG93X2FsbF9pbmxpbmVfbWVkaWEiO2I6MDtzOjQ6ImxhbmciO3M6MjoiZW4iO3M6MTE6Imdlb19lbmFibGVkIjtiOjA7czoyMzoicHJvZmlsZV9iYWNrZ3JvdW5kX3RpbGUiO2I6MTtzOjk6InByb3RlY3RlZCI7YjowO3M6MjA6ImNvbnRyaWJ1dG9yc19lbmFibGVkIjtiOjA7czoxMzoiZnJpZW5kc19jb3VudCI7aToxNTc7czozOiJ1cmwiO047czo0OiJuYW1lIjtzOjEzOiLqsIDroaQg6rCA7JisIjtzOjE4OiJwcm9maWxlX2xpbmtfY29sb3IiO3M6NjoiMDA4NEI0IjtzOjI6ImlkIjtpOjE1NTE2ODI4NjtzOjIxOiJkZWZhdWx0X3Byb2ZpbGVfaW1hZ2UiO2I6MDtzOjE0OiJzdGF0dXNlc19jb3VudCI7aTozNTg5O3M6OToiZm9sbG93aW5nIjtOO3M6MTA6InV0Y19vZmZzZXQiO2k6MjUyMDA7czoyODoicHJvZmlsZV9zaWRlYmFyX2JvcmRlcl9jb2xvciI7czo2OiJDMERFRUQiO31zOjI6ImlkIjtkOjczNzExNjQxNTMwODcxODA4O3M6MjE6ImluX3JlcGx5X3RvX3N0YXR1c19pZCI7Tjt9', 1),
(73711770593792001, 8, '2011-05-26 18:27:10', 'Tzo4OiJzdGRDbGFzcyI6MjA6e3M6MTk6ImluX3JlcGx5X3RvX3VzZXJfaWQiO047czo0OiJ0ZXh0IjtzOjE1OToiUGFyayBKdW5nc29vL0xlZXRldWsgKOuwleygleyImCksIENobyBLeXVoeXVuICjsobDqt5ztmIQpLCBTaGluIERvbmcgSGVlL1NoaW5kb25nICjsi6Drj5ntnawpICYgTGVlIEh5dWtqYWUvRXVuaHl1ayAo7J207ZiB7J6sKSBAbWFuZGlyaWZpZXN0YSAjVGFudGFuZ2FuS2ltY2hpIjtzOjM6ImdlbyI7TjtzOjk6ImZhdm9yaXRlZCI7YjowO3M6MjU6ImluX3JlcGx5X3RvX3N0YXR1c19pZF9zdHIiO047czoxMzoicmV0d2VldF9jb3VudCI7aTowO3M6MTA6ImNyZWF0ZWRfYXQiO3M6MzA6IlRodSBNYXkgMjYgMTE6Mjc6MTAgKzAwMDAgMjAxMSI7czoxMToiY29vcmRpbmF0ZXMiO047czoyMzoiaW5fcmVwbHlfdG9fc2NyZWVuX25hbWUiO047czo2OiJzb3VyY2UiO3M6NjE6IjxhIGhyZWY9Imh0dHA6Ly91YmVyc29jaWFsLmNvbSIgcmVsPSJub2ZvbGxvdyI+VWJlclNvY2lhbDwvYT4iO3M6MjM6ImluX3JlcGx5X3RvX3VzZXJfaWRfc3RyIjtOO3M6NjoiaWRfc3RyIjtzOjE3OiI3MzcxMTc3MDU5Mzc5MjAwMSI7czoxMjoiY29udHJpYnV0b3JzIjtOO3M6OToicmV0d2VldGVkIjtiOjA7czo4OiJlbnRpdGllcyI7Tzo4OiJzdGRDbGFzcyI6Mzp7czo0OiJ1cmxzIjthOjA6e31zOjEzOiJ1c2VyX21lbnRpb25zIjthOjE6e2k6MDtPOjg6InN0ZENsYXNzIjo1OntzOjc6ImluZGljZXMiO2E6Mjp7aTowO2k6MTA0O2k6MTtpOjExODt9czoxMToic2NyZWVuX25hbWUiO3M6MTM6Im1hbmRpcmlmaWVzdGEiO3M6NjoiaWRfc3RyIjtzOjk6IjIwMjY1NTQ0MCI7czo0OiJuYW1lIjtzOjE0OiJtYW5kaXJpIGZpZXN0YSI7czoyOiJpZCI7aToyMDI2NTU0NDA7fX1zOjg6Imhhc2h0YWdzIjthOjE6e2k6MDtPOjg6InN0ZENsYXNzIjoyOntzOjQ6InRleHQiO3M6MTU6IlRhbnRhbmdhbktpbWNoaSI7czo3OiJpbmRpY2VzIjthOjI6e2k6MDtpOjExOTtpOjE7aToxMzU7fX19fXM6OToidHJ1bmNhdGVkIjtiOjA7czo1OiJwbGFjZSI7TjtzOjQ6InVzZXIiO086ODoic3RkQ2xhc3MiOjM2OntzOjg6InZlcmlmaWVkIjtiOjA7czo5OiJ0aW1lX3pvbmUiO3M6NzoiSmFrYXJ0YSI7czoxNjoiZmF2b3VyaXRlc19jb3VudCI7aToyMztzOjg6ImxvY2F0aW9uIjtzOjA6IiI7czoyODoicHJvZmlsZV91c2VfYmFja2dyb3VuZF9pbWFnZSI7YjoxO3M6MTc6InByb2ZpbGVfaW1hZ2VfdXJsIjtzOjEwMzoiaHR0cDovL2EwLnR3aW1nLmNvbS9wcm9maWxlX2ltYWdlcy8xMzY2OTI1Nzk4LzM0Nzc2XzQxNDc0Njk4MzM2Ml81ODA1NjMzNjJfNDMzNTA1MF8zNjA3NzA3X25fbm9ybWFsLmpwZyI7czoxOToiZm9sbG93X3JlcXVlc3Rfc2VudCI7TjtzOjI0OiJwcm9maWxlX2JhY2tncm91bmRfY29sb3IiO3M6NjoiRTMzNDE5IjtzOjE1OiJkZWZhdWx0X3Byb2ZpbGUiO2I6MDtzOjI4OiJwcm9maWxlX2JhY2tncm91bmRfaW1hZ2VfdXJsIjtzOjk2OiJodHRwOi8vYTEudHdpbWcuY29tL3Byb2ZpbGVfYmFja2dyb3VuZF9pbWFnZXMvMjU3NjM4MTM1L3R1bWJscl9saGdqeDFGVUpEMXFhbml2dG8xXzUwMF9sYXJnZS5qcGciO3M6MTA6ImNyZWF0ZWRfYXQiO3M6MzA6IlNhdCBNYXkgMTYgMTQ6MDE6NDEgKzAwMDAgMjAwOSI7czoxMToiZGVzY3JpcHRpb24iO3M6MTU1OiJBcmNoaXRlY3R1cmUgc3R1ZGVudCB3aG/imaEgZmFt4pmhdHJhdmVsbGluZ+KZoWxlYXJuaW5nIEtvcmVhbuKZoVNKLE9uZWRheSxDLk4uQkxVRSxuIFgtNSBzbyBtdWNofiBpJ20gcHJvdWQgdG8gYmUgRS5MLkZ+U3ByZWFk4pmhYWxsIG92ZXIgdGhlIHdvcmxkICFKYnUgISI7czoxMToic2NyZWVuX25hbWUiO3M6MTI6InRlcmV0b3JpYWwyMSI7czo2OiJpZF9zdHIiO3M6ODoiNDA0Njc3MzEiO3M6MTM6ImlzX3RyYW5zbGF0b3IiO2I6MDtzOjEzOiJub3RpZmljYXRpb25zIjtOO3M6MTg6InByb2ZpbGVfdGV4dF9jb2xvciI7czo2OiJGRkFFMEQiO3M6MTI6Imxpc3RlZF9jb3VudCI7aToxO3M6MjY6InByb2ZpbGVfc2lkZWJhcl9maWxsX2NvbG9yIjtzOjY6IjU3M2QyMyI7czoxNToiZm9sbG93ZXJzX2NvdW50IjtpOjIzNztzOjIxOiJzaG93X2FsbF9pbmxpbmVfbWVkaWEiO2I6MDtzOjQ6ImxhbmciO3M6MjoiZW4iO3M6MTE6Imdlb19lbmFibGVkIjtiOjA7czoyMzoicHJvZmlsZV9iYWNrZ3JvdW5kX3RpbGUiO2I6MTtzOjk6InByb3RlY3RlZCI7YjowO3M6MjA6ImNvbnRyaWJ1dG9yc19lbmFibGVkIjtiOjA7czoxMzoiZnJpZW5kc19jb3VudCI7aTozNzM7czozOiJ1cmwiO3M6MzQ6Imh0dHA6Ly93d3cubWUyZGF5Lm5ldC90ZXJldG9yaWFsMjEiO3M6NDoibmFtZSI7czoxOToiVGhlcmVzaWEgTWFyY2VsbGluYSI7czoxODoicHJvZmlsZV9saW5rX2NvbG9yIjtzOjY6IkQxQzJBNSI7czoyOiJpZCI7aTo0MDQ2NzczMTtzOjIxOiJkZWZhdWx0X3Byb2ZpbGVfaW1hZ2UiO2I6MDtzOjE0OiJzdGF0dXNlc19jb3VudCI7aToxNDkwMjtzOjk6ImZvbGxvd2luZyI7TjtzOjEwOiJ1dGNfb2Zmc2V0IjtpOjI1MjAwO3M6Mjg6InByb2ZpbGVfc2lkZWJhcl9ib3JkZXJfY29sb3IiO3M6NjoiMzAyOTFCIjt9czoyOiJpZCI7ZDo3MzcxMTc3MDU5Mzc5MjAwMDtzOjIxOiJpbl9yZXBseV90b19zdGF0dXNfaWQiO047fQ==', 1),
(73711829037236224, 9, '2011-05-26 18:27:24', 'Tzo4OiJzdGRDbGFzcyI6MjA6e3M6MTk6ImluX3JlcGx5X3RvX3VzZXJfaWQiO2k6MjAyNjU1NDQwO3M6NDoidGV4dCI7czoxNDU6IkBtYW5kaXJpZmllc3RhICNUYW50YW5nYW5LaW1jaGkgTGVldGV1ayAoUGFyayBKdW5nU3UpLCBTaGluZG9uZyhTaGluIERvbmdoZWUpLCBFdW5oeXVrKExlZSBIeXVramFlKSwgS3l1aHl1bihDaG8gS3l1aHl1bikuIFNlbW9nYSBkYXBhdCAmZ3Q7LiZsdDsiO3M6MzoiZ2VvIjtOO3M6OToiZmF2b3JpdGVkIjtiOjA7czoyNToiaW5fcmVwbHlfdG9fc3RhdHVzX2lkX3N0ciI7TjtzOjEzOiJyZXR3ZWV0X2NvdW50IjtpOjA7czoxMDoiY3JlYXRlZF9hdCI7czozMDoiVGh1IE1heSAyNiAxMToyNzoyNCArMDAwMCAyMDExIjtzOjExOiJjb29yZGluYXRlcyI7TjtzOjIzOiJpbl9yZXBseV90b19zY3JlZW5fbmFtZSI7czoxMzoibWFuZGlyaWZpZXN0YSI7czo2OiJzb3VyY2UiO3M6NjE6IjxhIGhyZWY9Imh0dHA6Ly91YmVyc29jaWFsLmNvbSIgcmVsPSJub2ZvbGxvdyI+VWJlclNvY2lhbDwvYT4iO3M6MjM6ImluX3JlcGx5X3RvX3VzZXJfaWRfc3RyIjtzOjk6IjIwMjY1NTQ0MCI7czo2OiJpZF9zdHIiO3M6MTc6IjczNzExODI5MDM3MjM2MjI0IjtzOjEyOiJjb250cmlidXRvcnMiO047czo5OiJyZXR3ZWV0ZWQiO2I6MDtzOjg6ImVudGl0aWVzIjtPOjg6InN0ZENsYXNzIjozOntzOjQ6InVybHMiO2E6MDp7fXM6MTM6InVzZXJfbWVudGlvbnMiO2E6MTp7aTowO086ODoic3RkQ2xhc3MiOjU6e3M6NzoiaW5kaWNlcyI7YToyOntpOjA7aTowO2k6MTtpOjE0O31zOjExOiJzY3JlZW5fbmFtZSI7czoxMzoibWFuZGlyaWZpZXN0YSI7czo2OiJpZF9zdHIiO3M6OToiMjAyNjU1NDQwIjtzOjQ6Im5hbWUiO3M6MTQ6Im1hbmRpcmkgZmllc3RhIjtzOjI6ImlkIjtpOjIwMjY1NTQ0MDt9fXM6ODoiaGFzaHRhZ3MiO2E6MTp7aTowO086ODoic3RkQ2xhc3MiOjI6e3M6NDoidGV4dCI7czoxNToiVGFudGFuZ2FuS2ltY2hpIjtzOjc6ImluZGljZXMiO2E6Mjp7aTowO2k6MTU7aToxO2k6MzE7fX19fXM6OToidHJ1bmNhdGVkIjtiOjA7czo1OiJwbGFjZSI7TjtzOjQ6InVzZXIiO086ODoic3RkQ2xhc3MiOjM2OntzOjE1OiJkZWZhdWx0X3Byb2ZpbGUiO2I6MDtzOjg6InZlcmlmaWVkIjtiOjA7czo5OiJ0aW1lX3pvbmUiO3M6MjY6IlBhY2lmaWMgVGltZSAoVVMgJiBDYW5hZGEpIjtzOjE2OiJmYXZvdXJpdGVzX2NvdW50IjtpOjA7czo4OiJsb2NhdGlvbiI7czowOiIiO3M6Mjg6InByb2ZpbGVfdXNlX2JhY2tncm91bmRfaW1hZ2UiO2I6MTtzOjE3OiJwcm9maWxlX2ltYWdlX3VybCI7czoxMDc6Imh0dHA6Ly9hMS50d2ltZy5jb20vcHJvZmlsZV9pbWFnZXMvMTMyNDUwNDg4NS8yMjQwNTZfMTc4MzY3NTM4OTExOV8xMTU2NTA5OTc5XzMxNTIzNDEwXzE1NTU2NDNfbl9ub3JtYWwuanBnIjtzOjE5OiJmb2xsb3dfcmVxdWVzdF9zZW50IjtOO3M6MjQ6InByb2ZpbGVfYmFja2dyb3VuZF9jb2xvciI7czo2OiJlYmUxZmEiO3M6Mjg6InByb2ZpbGVfYmFja2dyb3VuZF9pbWFnZV91cmwiO3M6MTE1OiJodHRwOi8vYTAudHdpbWcuY29tL3Byb2ZpbGVfYmFja2dyb3VuZF9pbWFnZXMvMjMyNjI5MTkwLzIxNjExMV8xOTYzNTMyNzA0MDM2MDhfMTAwMDAwODY4MDkwMDA2XzQ4NDQyMV83MzQ1Mjk0X24uanBnIjtzOjEwOiJjcmVhdGVkX2F0IjtzOjMwOiJXZWQgSnVsIDIyIDA1OjEzOjIyICswMDAwIDIwMDkiO3M6MTE6ImRlc2NyaXB0aW9uIjtzOjA6IiI7czoxMToic2NyZWVuX25hbWUiO3M6MTI6InJ1dGhhcnRoYXVsaSI7czo2OiJpZF9zdHIiO3M6ODoiNTkwNDQxNDEiO3M6MTM6ImlzX3RyYW5zbGF0b3IiO2I6MDtzOjEzOiJub3RpZmljYXRpb25zIjtOO3M6MTg6InByb2ZpbGVfdGV4dF9jb2xvciI7czo2OiIzQzM5NDAiO3M6MTI6Imxpc3RlZF9jb3VudCI7aToxO3M6MjY6InByb2ZpbGVfc2lkZWJhcl9maWxsX2NvbG9yIjtzOjY6ImQzZWZmMCI7czoxNToiZm9sbG93ZXJzX2NvdW50IjtpOjE1NjtzOjIxOiJzaG93X2FsbF9pbmxpbmVfbWVkaWEiO2I6MDtzOjQ6ImxhbmciO3M6MjoiZW4iO3M6MTE6Imdlb19lbmFibGVkIjtiOjA7czoyMzoicHJvZmlsZV9iYWNrZ3JvdW5kX3RpbGUiO2I6MTtzOjk6InByb3RlY3RlZCI7YjowO3M6MjA6ImNvbnRyaWJ1dG9yc19lbmFibGVkIjtiOjA7czoxMzoiZnJpZW5kc19jb3VudCI7aToyMTE7czozOiJ1cmwiO047czo0OiJuYW1lIjtzOjEzOiJydXRoIGFydGhhdWxpIjtzOjE4OiJwcm9maWxlX2xpbmtfY29sb3IiO3M6NjoiMDA5OUI5IjtzOjI6ImlkIjtpOjU5MDQ0MTQxO3M6MjE6ImRlZmF1bHRfcHJvZmlsZV9pbWFnZSI7YjowO3M6MTQ6InN0YXR1c2VzX2NvdW50IjtpOjI3NjY7czo5OiJmb2xsb3dpbmciO047czoxMDoidXRjX29mZnNldCI7aTotMjg4MDA7czoyODoicHJvZmlsZV9zaWRlYmFyX2JvcmRlcl9jb2xvciI7czo2OiI2N2NhY2YiO31zOjI6ImlkIjtkOjczNzExODI5MDM3MjM2MjI0O3M6MjE6ImluX3JlcGx5X3RvX3N0YXR1c19pZCI7Tjt9', 1),
(73711910725484544, 10, '2011-05-26 18:27:43', 'Tzo4OiJzdGRDbGFzcyI6MjA6e3M6MTk6ImluX3JlcGx5X3RvX3VzZXJfaWQiO047czo0OiJ0ZXh0IjtzOjcxOiJFdW5oeXVrLCBTaGluZG9uZywgTGVldGV1aywgZGFuIEt5dWh5dW4gQG1hbmRpcmlmaWVzdGEgI1RhbnRhbmdhbktpbWNoaSI7czozOiJnZW8iO047czo5OiJmYXZvcml0ZWQiO2I6MDtzOjI1OiJpbl9yZXBseV90b19zdGF0dXNfaWRfc3RyIjtOO3M6MTM6InJldHdlZXRfY291bnQiO2k6MDtzOjEwOiJjcmVhdGVkX2F0IjtzOjMwOiJUaHUgTWF5IDI2IDExOjI3OjQzICswMDAwIDIwMTEiO3M6MTE6ImNvb3JkaW5hdGVzIjtOO3M6MjM6ImluX3JlcGx5X3RvX3NjcmVlbl9uYW1lIjtOO3M6Njoic291cmNlIjtzOjU3OiI8YSBocmVmPSJodHRwOi8vbS50dWl0d2l0LmNvbSIgcmVsPSJub2ZvbGxvdyI+VHVpdHdpdDwvYT4iO3M6MjM6ImluX3JlcGx5X3RvX3VzZXJfaWRfc3RyIjtOO3M6NjoiaWRfc3RyIjtzOjE3OiI3MzcxMTkxMDcyNTQ4NDU0NCI7czoxMjoiY29udHJpYnV0b3JzIjtOO3M6OToicmV0d2VldGVkIjtiOjA7czo4OiJlbnRpdGllcyI7Tzo4OiJzdGRDbGFzcyI6Mzp7czo4OiJoYXNodGFncyI7YToxOntpOjA7Tzo4OiJzdGRDbGFzcyI6Mjp7czo0OiJ0ZXh0IjtzOjE1OiJUYW50YW5nYW5LaW1jaGkiO3M6NzoiaW5kaWNlcyI7YToyOntpOjA7aTo1NTtpOjE7aTo3MTt9fX1zOjQ6InVybHMiO2E6MDp7fXM6MTM6InVzZXJfbWVudGlvbnMiO2E6MTp7aTowO086ODoic3RkQ2xhc3MiOjU6e3M6NzoiaW5kaWNlcyI7YToyOntpOjA7aTo0MDtpOjE7aTo1NDt9czoxMToic2NyZWVuX25hbWUiO3M6MTM6Im1hbmRpcmlmaWVzdGEiO3M6NjoiaWRfc3RyIjtzOjk6IjIwMjY1NTQ0MCI7czo0OiJuYW1lIjtzOjE0OiJtYW5kaXJpIGZpZXN0YSI7czoyOiJpZCI7aToyMDI2NTU0NDA7fX19czo5OiJ0cnVuY2F0ZWQiO2I6MDtzOjU6InBsYWNlIjtOO3M6NDoidXNlciI7Tzo4OiJzdGRDbGFzcyI6MzY6e3M6ODoidmVyaWZpZWQiO2I6MDtzOjk6InRpbWVfem9uZSI7czo3OiJKYWthcnRhIjtzOjE2OiJmYXZvdXJpdGVzX2NvdW50IjtpOjY4O3M6ODoibG9jYXRpb24iO3M6MjM6IuyCrO2MjOydtOyWtCDtkbjrpbgg7ISsIjtzOjI4OiJwcm9maWxlX3VzZV9iYWNrZ3JvdW5kX2ltYWdlIjtiOjE7czoxNzoicHJvZmlsZV9pbWFnZV91cmwiO3M6NjI6Imh0dHA6Ly9hMS50d2ltZy5jb20vcHJvZmlsZV9pbWFnZXMvMTM0NDk2MDY4NC8yamZqel9ub3JtYWwuanBnIjtzOjE5OiJmb2xsb3dfcmVxdWVzdF9zZW50IjtOO3M6MjQ6InByb2ZpbGVfYmFja2dyb3VuZF9jb2xvciI7czo2OiJmYWZhZmEiO3M6Mjg6InByb2ZpbGVfYmFja2dyb3VuZF9pbWFnZV91cmwiO3M6Nzc6Imh0dHA6Ly9hMC50d2ltZy5jb20vcHJvZmlsZV9iYWNrZ3JvdW5kX2ltYWdlcy8yMjc0Mjg5OTgvc3VwZXJfanVuaW9yXzIwMTEucG5nIjtzOjEwOiJjcmVhdGVkX2F0IjtzOjMwOiJUdWUgSnVsIDE0IDA0OjM4OjI5ICswMDAwIDIwMDkiO3M6MTE6ImRlc2NyaXB0aW9uIjtzOjYwOiJpJ20gIGEgY2hlZXJmdWwgZ2lybCB3aG8gcmVhbGx5IGxvdmUgQWxsYWggYW5kIGhlciBmYW1pbHkgXl4iO3M6MTE6InNjcmVlbl9uYW1lIjtzOjc6IkNob2lfUlciO3M6NjoiaWRfc3RyIjtzOjg6IjU2NjA3NDAwIjtzOjEzOiJpc190cmFuc2xhdG9yIjtiOjA7czoxMzoibm90aWZpY2F0aW9ucyI7TjtzOjE4OiJwcm9maWxlX3RleHRfY29sb3IiO3M6NjoiMDEwYzJlIjtzOjEyOiJsaXN0ZWRfY291bnQiO2k6OTtzOjI2OiJwcm9maWxlX3NpZGViYXJfZmlsbF9jb2xvciI7czowOiIiO3M6MTU6ImZvbGxvd2Vyc19jb3VudCI7aToyMjg7czoxNToiZGVmYXVsdF9wcm9maWxlIjtiOjA7czoyMToic2hvd19hbGxfaW5saW5lX21lZGlhIjtiOjA7czo0OiJsYW5nIjtzOjI6ImVuIjtzOjExOiJnZW9fZW5hYmxlZCI7YjowO3M6MjM6InByb2ZpbGVfYmFja2dyb3VuZF90aWxlIjtiOjE7czo5OiJwcm90ZWN0ZWQiO2I6MDtzOjIwOiJjb250cmlidXRvcnNfZW5hYmxlZCI7YjowO3M6MTM6ImZyaWVuZHNfY291bnQiO2k6MjE4O3M6MzoidXJsIjtzOjMzOiJodHRwOi8vd3d3LmZhY2Vib29rLmNvbS9jaG9pcml3b24iO3M6NDoibmFtZSI7czoyMzoiV2lkeWEgUi4gVCAgKOy1nOumrOybkCkiO3M6MTg6InByb2ZpbGVfbGlua19jb2xvciI7czo2OiIwYTAzZTAiO3M6MjoiaWQiO2k6NTY2MDc0MDA7czoyMToiZGVmYXVsdF9wcm9maWxlX2ltYWdlIjtiOjA7czoxNDoic3RhdHVzZXNfY291bnQiO2k6MTIyMzI7czo5OiJmb2xsb3dpbmciO047czoxMDoidXRjX29mZnNldCI7aToyNTIwMDtzOjI4OiJwcm9maWxlX3NpZGViYXJfYm9yZGVyX2NvbG9yIjtzOjY6ImYwZTUxYSI7fXM6MjoiaWQiO2Q6NzM3MTE5MTA3MjU0ODQ1NDQ7czoyMToiaW5fcmVwbHlfdG9fc3RhdHVzX2lkIjtOO30=', 1),
(73711968892108800, 11, '2011-05-26 18:27:57', 'Tzo4OiJzdGRDbGFzcyI6MjA6e3M6MTk6ImluX3JlcGx5X3RvX3VzZXJfaWQiO047czo0OiJ0ZXh0IjtzOjEyNDoiTGVldGV1ayAocGFyayBqdW5nc29vKSwgZXVuaHl1ayAobGVlIGh5dWtqYWUpLGt5dWh5dW4gKGNobyBreXVoeXVuKSwgc2hpbmRvbmcgKHNoaW4gZG9uZ2hlZSkgQG1hbmRpcmlmaWVzdGEgI3RhbnRhbmdhbmtpbWNoaSI7czozOiJnZW8iO047czo5OiJmYXZvcml0ZWQiO2I6MDtzOjI1OiJpbl9yZXBseV90b19zdGF0dXNfaWRfc3RyIjtOO3M6MTM6InJldHdlZXRfY291bnQiO2k6MDtzOjEwOiJjcmVhdGVkX2F0IjtzOjMwOiJUaHUgTWF5IDI2IDExOjI3OjU3ICswMDAwIDIwMTEiO3M6MTE6ImNvb3JkaW5hdGVzIjtOO3M6MjM6ImluX3JlcGx5X3RvX3NjcmVlbl9uYW1lIjtOO3M6Njoic291cmNlIjtzOjYzOiI8YSBocmVmPSJodHRwOi8vbGV2ZWx1cHN0dWRpby5jb20iIHJlbD0ibm9mb2xsb3ciPlBsdW1lwqDCoDwvYT4iO3M6MjM6ImluX3JlcGx5X3RvX3VzZXJfaWRfc3RyIjtOO3M6NjoiaWRfc3RyIjtzOjE3OiI3MzcxMTk2ODg5MjEwODgwMCI7czoxMjoiY29udHJpYnV0b3JzIjtOO3M6OToicmV0d2VldGVkIjtiOjA7czo4OiJlbnRpdGllcyI7Tzo4OiJzdGRDbGFzcyI6Mzp7czo0OiJ1cmxzIjthOjA6e31zOjEzOiJ1c2VyX21lbnRpb25zIjthOjE6e2k6MDtPOjg6InN0ZENsYXNzIjo1OntzOjc6ImluZGljZXMiO2E6Mjp7aTowO2k6OTM7aToxO2k6MTA3O31zOjExOiJzY3JlZW5fbmFtZSI7czoxMzoibWFuZGlyaWZpZXN0YSI7czo2OiJpZF9zdHIiO3M6OToiMjAyNjU1NDQwIjtzOjQ6Im5hbWUiO3M6MTQ6Im1hbmRpcmkgZmllc3RhIjtzOjI6ImlkIjtpOjIwMjY1NTQ0MDt9fXM6ODoiaGFzaHRhZ3MiO2E6MTp7aTowO086ODoic3RkQ2xhc3MiOjI6e3M6NDoidGV4dCI7czoxNToidGFudGFuZ2Fua2ltY2hpIjtzOjc6ImluZGljZXMiO2E6Mjp7aTowO2k6MTA4O2k6MTtpOjEyNDt9fX19czo5OiJ0cnVuY2F0ZWQiO2I6MDtzOjU6InBsYWNlIjtOO3M6NDoidXNlciI7Tzo4OiJzdGRDbGFzcyI6MzY6e3M6ODoidmVyaWZpZWQiO2I6MDtzOjk6InRpbWVfem9uZSI7czo3OiJKYWthcnRhIjtzOjE2OiJmYXZvdXJpdGVzX2NvdW50IjtpOjA7czo4OiJsb2NhdGlvbiI7czoxODoibWFsYW5nIC0gaW5kb25lc2lhIjtzOjI4OiJwcm9maWxlX3VzZV9iYWNrZ3JvdW5kX2ltYWdlIjtiOjE7czoxNzoicHJvZmlsZV9pbWFnZV91cmwiO3M6NjI6Imh0dHA6Ly9hMy50d2ltZy5jb20vcHJvZmlsZV9pbWFnZXMvMTM1MTczMTc0MC9iZW5hcl9ub3JtYWwuanBnIjtzOjE5OiJmb2xsb3dfcmVxdWVzdF9zZW50IjtOO3M6MjQ6InByb2ZpbGVfYmFja2dyb3VuZF9jb2xvciI7czo2OiJDMERFRUQiO3M6Mjg6InByb2ZpbGVfYmFja2dyb3VuZF9pbWFnZV91cmwiO3M6NDc6Imh0dHA6Ly9hMC50d2ltZy5jb20vaW1hZ2VzL3RoZW1lcy90aGVtZTEvYmcucG5nIjtzOjEwOiJjcmVhdGVkX2F0IjtzOjMwOiJGcmkgTWF5IDEzIDA5OjU0OjU4ICswMDAwIDIwMTEiO3M6MTE6ImRlc2NyaXB0aW9uIjtzOjMxOiJwcm91ZCB0byBiZSBhbiBFLkwuRiBhbmQgU0hBV09MIjtzOjExOiJzY3JlZW5fbmFtZSI7czo5OiJkZWl0ZXVraWUiO3M6NjoiaWRfc3RyIjtzOjk6IjI5NzkwMzU3NyI7czoxMzoiaXNfdHJhbnNsYXRvciI7YjowO3M6MTM6Im5vdGlmaWNhdGlvbnMiO047czoxODoicHJvZmlsZV90ZXh0X2NvbG9yIjtzOjY6IjMzMzMzMyI7czoxMjoibGlzdGVkX2NvdW50IjtpOjA7czoyNjoicHJvZmlsZV9zaWRlYmFyX2ZpbGxfY29sb3IiO3M6NjoiRERFRUY2IjtzOjE1OiJmb2xsb3dlcnNfY291bnQiO2k6NzY7czoxNToiZGVmYXVsdF9wcm9maWxlIjtiOjE7czoyMToic2hvd19hbGxfaW5saW5lX21lZGlhIjtiOjA7czo0OiJsYW5nIjtzOjI6ImVuIjtzOjExOiJnZW9fZW5hYmxlZCI7YjowO3M6MjM6InByb2ZpbGVfYmFja2dyb3VuZF90aWxlIjtiOjA7czo5OiJwcm90ZWN0ZWQiO2I6MDtzOjIwOiJjb250cmlidXRvcnNfZW5hYmxlZCI7YjowO3M6MTM6ImZyaWVuZHNfY291bnQiO2k6MTQ2O3M6MzoidXJsIjtzOjI3OiJodHRwOi8vZGVpdGV1a2llLnR1bWJsci5jb20iO3M6NDoibmFtZSI7czoxNDoiZGVpIG5vdml0YXNhcmkiO3M6MTg6InByb2ZpbGVfbGlua19jb2xvciI7czo2OiIwMDg0QjQiO3M6MjoiaWQiO2k6Mjk3OTAzNTc3O3M6MjE6ImRlZmF1bHRfcHJvZmlsZV9pbWFnZSI7YjowO3M6MTQ6InN0YXR1c2VzX2NvdW50IjtpOjQzNTtzOjk6ImZvbGxvd2luZyI7TjtzOjEwOiJ1dGNfb2Zmc2V0IjtpOjI1MjAwO3M6Mjg6InByb2ZpbGVfc2lkZWJhcl9ib3JkZXJfY29sb3IiO3M6NjoiQzBERUVEIjt9czoyOiJpZCI7ZDo3MzcxMTk2ODg5MjEwODgwMDtzOjIxOiJpbl9yZXBseV90b19zdGF0dXNfaWQiO047fQ==', 0);

-- --------------------------------------------------------

--
-- Table structure for table `processes`
--

CREATE TABLE IF NOT EXISTS `processes` (
  `process` varchar(50) NOT NULL,
  `pid` int(11) NOT NULL,
  `last_ping` int(11) NOT NULL
) ENGINE=MyISAM DEFAULT CHARSET=latin1;

--
-- Dumping data for table `processes`
--

INSERT INTO `processes` (`process`, `pid`, `last_ping`) VALUES
('parse_tweets.php', 22759, 0),
('get_tweets.php', 22757, 0);

-- --------------------------------------------------------

--
-- Table structure for table `tweets`
--

CREATE TABLE IF NOT EXISTS `tweets` (
  `tweet_id` bigint(20) unsigned NOT NULL,
  `tweet_text` varchar(160) NOT NULL,
  `entities` text NOT NULL,
  `created_at` datetime NOT NULL,
  `geo_lat` decimal(10,5) default NULL,
  `geo_long` decimal(10,5) default NULL,
  `user_id` int(10) unsigned NOT NULL,
  `screen_name` char(20) NOT NULL,
  `name` varchar(40) default NULL,
  `source` varchar(255) NOT NULL,
  `profile_image_url` varchar(200) default NULL,
  `followers_count` int(10) NOT NULL,
  `friends_count` int(10) NOT NULL,
  `statuses_count` int(10) NOT NULL,
  PRIMARY KEY  (`tweet_id`),
  KEY `created_at` (`created_at`),
  KEY `user_id` (`user_id`),
  KEY `screen_name` (`screen_name`),
  KEY `name` (`name`),
  FULLTEXT KEY `tweet_text` (`tweet_text`)
) ENGINE=MyISAM DEFAULT CHARSET=utf8;

--
-- Dumping data for table `tweets`
--

INSERT INTO `tweets` (`tweet_id`, `tweet_text`, `entities`, `created_at`, `geo_lat`, `geo_long`, `user_id`, `screen_name`, `name`, `source`, `profile_image_url`, `followers_count`, `friends_count`, `statuses_count`) VALUES
(73705739985752065, 'JAWABAN Kyuhyun (Cho Kyuhyun), Leeteuk (Park JungSoo), Eunhyuk (Lee HyukJae), Shindong (Shin DongHee) @mandirifiesta #TantanganKimchi', 'Tzo4OiJzdGRDbGFzcyI6Mzp7czo0OiJ1cmxzIjthOjA6e31zOjEzOiJ1c2VyX21lbnRpb25zIjthOjE6e2k6MDtPOjg6InN0ZENsYXNzIjo1OntzOjc6ImluZGljZXMiO2E6Mjp7aTowO2k6MTAyO2k6MTtpOjExNjt9czoxMToic2NyZWVuX25hbWUiO3M6MTM6Im1hbmRpcmlmaWVzdGEiO3M6NjoiaWRfc3RyIjtzOjk6IjIwMjY1NTQ0MCI7czo0OiJuYW1lIjtzOjE0OiJtYW5kaXJpIGZpZXN0YSI7czoyOiJpZCI7aToyMDI2NTU0NDA7fX1zOjg6Imhhc2h0YWdzIjthOjE6e2k6MDtPOjg6InN0ZENsYXNzIjoyOntzOjQ6InRleHQiO3M6MTU6IlRhbnRhbmdhbktpbWNoaSI7czo3OiJpbmRpY2VzIjthOjI6e2k6MDtpOjExNztpOjE7aToxMzM7fX19fQ==', '2011-05-26 18:03:12', 0.00000, 0.00000, 92907732, '_HAEchi', 'Ardini R. Rahma', '<a href="http://m.ubersocial.com" rel="nofollow">UberSocial Mobile</a>', 'http://a1.twimg.com/profile_images/1365682552/sun_normal.jpg', 470, 587, 9691),
(73705984907948032, '#tantangankimchi ignore', 'Tzo4OiJzdGRDbGFzcyI6Mzp7czo0OiJ1cmxzIjthOjA6e31zOjEzOiJ1c2VyX21lbnRpb25zIjthOjA6e31zOjg6Imhhc2h0YWdzIjthOjE6e2k6MDtPOjg6InN0ZENsYXNzIjoyOntzOjQ6InRleHQiO3M6MTU6InRhbnRhbmdhbmtpbWNoaSI7czo3OiJpbmRpY2VzIjthOjI6e2k6MDtpOjA7aToxO2k6MTY7fX19fQ==', '2011-05-26 18:04:10', 0.00000, 0.00000, 114401478, 'programkarbitan', 'programmerkarbitan', 'web', 'http://a0.twimg.com/profile_images/1320828419/fecca17c59d7bb3f013e74aef38e6974_normal.jpg', 2, 6, 59),
(73706312067854336, 'RT @mandirifiesta: Siapa belum ikutan #TantanganKimchi hari ini? Buruan ikutan & menangkan 2 tiket KIMCHI 2011 tiap harinya. Cek timelin ...', 'Tzo4OiJzdGRDbGFzcyI6Mzp7czo4OiJoYXNodGFncyI7YToxOntpOjA7Tzo4OiJzdGRDbGFzcyI6Mjp7czo0OiJ0ZXh0IjtzOjE1OiJUYW50YW5nYW5LaW1jaGkiO3M6NzoiaW5kaWNlcyI7YToyOntpOjA7aTozODtpOjE7aTo1NDt9fX1zOjQ6InVybHMiO2E6MDp7fXM6MTM6InVzZXJfbWVudGlvbnMiO2E6MTp7aTowO086ODoic3RkQ2xhc3MiOjU6e3M6NzoiaW5kaWNlcyI7YToyOntpOjA7aTozO2k6MTtpOjE3O31zOjExOiJzY3JlZW5fbmFtZSI7czoxMzoibWFuZGlyaWZpZXN0YSI7czo2OiJpZF9zdHIiO3M6OToiMjAyNjU1NDQwIjtzOjQ6Im5hbWUiO3M6MTQ6Im1hbmRpcmkgZmllc3RhIjtzOjI6ImlkIjtpOjIwMjY1NTQ0MDt9fX0=', '2011-05-26 18:05:28', 0.00000, 0.00000, 113377121, 'marviinaa', 'Marvina Halim Putri', '<a href="http://blackberry.com/twitter" rel="nofollow">Twitter for BlackBerry®</a>', 'http://a2.twimg.com/profile_images/1346560912/IMG04648-20110331-2113_normal.jpg', 152, 193, 7728),
(73706358578491392, '@st_tsana semangat ya ngantrinya! :)', 'Tzo4OiJzdGRDbGFzcyI6Mzp7czo0OiJ1cmxzIjthOjA6e31zOjEzOiJ1c2VyX21lbnRpb25zIjthOjE6e2k6MDtPOjg6InN0ZENsYXNzIjo1OntzOjc6ImluZGljZXMiO2E6Mjp7aTowO2k6MDtpOjE7aTo5O31zOjExOiJzY3JlZW5fbmFtZSI7czo4OiJzdF90c2FuYSI7czo2OiJpZF9zdHIiO3M6OToiMjMwNzEzNjQwIjtzOjQ6Im5hbWUiO3M6MTE6IlNJVEkgIFRTQU5BIjtzOjI6ImlkIjtpOjIzMDcxMzY0MDt9fXM6ODoiaGFzaHRhZ3MiO2E6MDp7fX0=', '2011-05-26 18:05:39', 0.00000, 0.00000, 204265009, 'MyMagnumID', 'Walls Magnum', '<a href="http://www.tweetdeck.com" rel="nofollow">TweetDeck</a>', 'http://a1.twimg.com/profile_images/1164645349/FB_magnum_2_actual_normal.jpg', 15479, 2179, 11053),
(73711545204490241, 'aku aku aku RT @mandirifiesta: Siapa belum ikutan #TantanganKimchi hari ini? Buruan ikutan & menangkan 2 tiket KIMCHI 2011 tiap harinya. Ce', 'Tzo4OiJzdGRDbGFzcyI6Mzp7czo0OiJ1cmxzIjthOjA6e31zOjEzOiJ1c2VyX21lbnRpb25zIjthOjE6e2k6MDtPOjg6InN0ZENsYXNzIjo1OntzOjc6ImluZGljZXMiO2E6Mjp7aTowO2k6MTU7aToxO2k6Mjk7fXM6MTE6InNjcmVlbl9uYW1lIjtzOjEzOiJtYW5kaXJpZmllc3RhIjtzOjY6ImlkX3N0ciI7czo5OiIyMDI2NTU0NDAiO3M6NDoibmFtZSI7czoxNDoibWFuZGlyaSBmaWVzdGEiO3M6MjoiaWQiO2k6MjAyNjU1NDQwO319czo4OiJoYXNodGFncyI7YToxOntpOjA7Tzo4OiJzdGRDbGFzcyI6Mjp7czo0OiJ0ZXh0IjtzOjE1OiJUYW50YW5nYW5LaW1jaGkiO3M6NzoiaW5kaWNlcyI7YToyOntpOjA7aTo1MDtpOjE7aTo2Njt9fX19', '2011-05-26 18:26:16', 0.00000, 0.00000, 259131066, 'miL_we', 'Emilia Dewi', '<a href="http://m.tuitwit.com" rel="nofollow">Tuitwit</a>', 'http://a1.twimg.com/profile_images/1342455271/Foto_1761_normal.jpg', 32, 260, 231),
(73711560060715008, 'kyuhyun,leeteuk,eunhyuk,shindong @mandirifiesta #TantanganKimchi', 'Tzo4OiJzdGRDbGFzcyI6Mzp7czo0OiJ1cmxzIjthOjA6e31zOjEzOiJ1c2VyX21lbnRpb25zIjthOjE6e2k6MDtPOjg6InN0ZENsYXNzIjo1OntzOjc6ImluZGljZXMiO2E6Mjp7aTowO2k6MzM7aToxO2k6NDc7fXM6MTE6InNjcmVlbl9uYW1lIjtzOjEzOiJtYW5kaXJpZmllc3RhIjtzOjY6ImlkX3N0ciI7czo5OiIyMDI2NTU0NDAiO3M6NDoibmFtZSI7czoxNDoibWFuZGlyaSBmaWVzdGEiO3M6MjoiaWQiO2k6MjAyNjU1NDQwO319czo4OiJoYXNodGFncyI7YToxOntpOjA7Tzo4OiJzdGRDbGFzcyI6Mjp7czo0OiJ0ZXh0IjtzOjE1OiJUYW50YW5nYW5LaW1jaGkiO3M6NzoiaW5kaWNlcyI7YToyOntpOjA7aTo0ODtpOjE7aTo2NDt9fX19', '2011-05-26 18:26:20', 0.00000, 0.00000, 83369957, 'zaniies', 'zahara nisrinah', '<a href="http://tweetcatch.com" rel="nofollow">TweetCatch.com</a>', 'http://a3.twimg.com/profile_images/1219796139/Image264_normal.jpg', 65, 104, 1399),
(73711641530871808, '@mandirifiesta leeteuk kyuhyun shindong eunhyuk #tantangankimchi', 'Tzo4OiJzdGRDbGFzcyI6Mzp7czo4OiJoYXNodGFncyI7YToxOntpOjA7Tzo4OiJzdGRDbGFzcyI6Mjp7czo0OiJ0ZXh0IjtzOjE1OiJ0YW50YW5nYW5raW1jaGkiO3M6NzoiaW5kaWNlcyI7YToyOntpOjA7aTo0ODtpOjE7aTo2NDt9fX1zOjQ6InVybHMiO2E6MDp7fXM6MTM6InVzZXJfbWVudGlvbnMiO2E6MTp7aTowO086ODoic3RkQ2xhc3MiOjU6e3M6NzoiaW5kaWNlcyI7YToyOntpOjA7aTowO2k6MTtpOjE0O31zOjExOiJzY3JlZW5fbmFtZSI7czoxMzoibWFuZGlyaWZpZXN0YSI7czo2OiJpZF9zdHIiO3M6OToiMjAyNjU1NDQwIjtzOjQ6Im5hbWUiO3M6MTQ6Im1hbmRpcmkgZmllc3RhIjtzOjI6ImlkIjtpOjIwMjY1NTQ0MDt9fX0=', '2011-05-26 18:26:39', 0.00000, 0.00000, 155168286, 'notmyblacksmile', '가롤 가올', '<a href="http://twitter.com/download/android" rel="nofollow">Twitter for Android</a>', 'http://a1.twimg.com/profile_images/1046992551/16aa9de7-5dfa-4aee-b889-df7376e77e94_normal.png', 89, 157, 3589),
(73711770593792001, 'Park Jungsoo/Leeteuk (박정수), Cho Kyuhyun (조규현), Shin Dong Hee/Shindong (신동희) & Lee Hyukjae/Eunhyuk (이혁재) @mandirifiesta #TantanganKimchi', 'Tzo4OiJzdGRDbGFzcyI6Mzp7czo0OiJ1cmxzIjthOjA6e31zOjEzOiJ1c2VyX21lbnRpb25zIjthOjE6e2k6MDtPOjg6InN0ZENsYXNzIjo1OntzOjc6ImluZGljZXMiO2E6Mjp7aTowO2k6MTA0O2k6MTtpOjExODt9czoxMToic2NyZWVuX25hbWUiO3M6MTM6Im1hbmRpcmlmaWVzdGEiO3M6NjoiaWRfc3RyIjtzOjk6IjIwMjY1NTQ0MCI7czo0OiJuYW1lIjtzOjE0OiJtYW5kaXJpIGZpZXN0YSI7czoyOiJpZCI7aToyMDI2NTU0NDA7fX1zOjg6Imhhc2h0YWdzIjthOjE6e2k6MDtPOjg6InN0ZENsYXNzIjoyOntzOjQ6InRleHQiO3M6MTU6IlRhbnRhbmdhbktpbWNoaSI7czo3OiJpbmRpY2VzIjthOjI6e2k6MDtpOjExOTtpOjE7aToxMzU7fX19fQ==', '2011-05-26 18:27:10', 0.00000, 0.00000, 40467731, 'teretorial21', 'Theresia Marcellina', '<a href="http://ubersocial.com" rel="nofollow">UberSocial</a>', 'http://a0.twimg.com/profile_images/1366925798/34776_414746983362_580563362_4335050_3607707_n_normal.jpg', 237, 373, 14902),
(73711829037236224, '@mandirifiesta #TantanganKimchi Leeteuk (Park JungSu), Shindong(Shin Donghee), Eunhyuk(Lee Hyukjae), Kyuhyun(Cho Kyuhyun). Semoga dapat &gt;.&lt;', 'Tzo4OiJzdGRDbGFzcyI6Mzp7czo0OiJ1cmxzIjthOjA6e31zOjEzOiJ1c2VyX21lbnRpb25zIjthOjE6e2k6MDtPOjg6InN0ZENsYXNzIjo1OntzOjc6ImluZGljZXMiO2E6Mjp7aTowO2k6MDtpOjE7aToxNDt9czoxMToic2NyZWVuX25hbWUiO3M6MTM6Im1hbmRpcmlmaWVzdGEiO3M6NjoiaWRfc3RyIjtzOjk6IjIwMjY1NTQ0MCI7czo0OiJuYW1lIjtzOjE0OiJtYW5kaXJpIGZpZXN0YSI7czoyOiJpZCI7aToyMDI2NTU0NDA7fX1zOjg6Imhhc2h0YWdzIjthOjE6e2k6MDtPOjg6InN0ZENsYXNzIjoyOntzOjQ6InRleHQiO3M6MTU6IlRhbnRhbmdhbktpbWNoaSI7czo3OiJpbmRpY2VzIjthOjI6e2k6MDtpOjE1O2k6MTtpOjMxO319fX0=', '2011-05-26 18:27:24', 0.00000, 0.00000, 59044141, 'rutharthauli', 'ruth arthauli', '<a href="http://ubersocial.com" rel="nofollow">UberSocial</a>', 'http://a1.twimg.com/profile_images/1324504885/224056_1783675389119_1156509979_31523410_1555643_n_normal.jpg', 156, 211, 2766),
(73711910725484544, 'Eunhyuk, Shindong, Leeteuk, dan Kyuhyun @mandirifiesta #TantanganKimchi', 'Tzo4OiJzdGRDbGFzcyI6Mzp7czo4OiJoYXNodGFncyI7YToxOntpOjA7Tzo4OiJzdGRDbGFzcyI6Mjp7czo0OiJ0ZXh0IjtzOjE1OiJUYW50YW5nYW5LaW1jaGkiO3M6NzoiaW5kaWNlcyI7YToyOntpOjA7aTo1NTtpOjE7aTo3MTt9fX1zOjQ6InVybHMiO2E6MDp7fXM6MTM6InVzZXJfbWVudGlvbnMiO2E6MTp7aTowO086ODoic3RkQ2xhc3MiOjU6e3M6NzoiaW5kaWNlcyI7YToyOntpOjA7aTo0MDtpOjE7aTo1NDt9czoxMToic2NyZWVuX25hbWUiO3M6MTM6Im1hbmRpcmlmaWVzdGEiO3M6NjoiaWRfc3RyIjtzOjk6IjIwMjY1NTQ0MCI7czo0OiJuYW1lIjtzOjE0OiJtYW5kaXJpIGZpZXN0YSI7czoyOiJpZCI7aToyMDI2NTU0NDA7fX19', '2011-05-26 18:27:43', 0.00000, 0.00000, 56607400, 'Choi_RW', 'Widya R. T  (최리원)', '<a href="http://m.tuitwit.com" rel="nofollow">Tuitwit</a>', 'http://a1.twimg.com/profile_images/1344960684/2jfjz_normal.jpg', 228, 218, 12232);

-- --------------------------------------------------------

--
-- Table structure for table `tweet_follow`
--

CREATE TABLE IF NOT EXISTS `tweet_follow` (
  `id` int(4) unsigned NOT NULL auto_increment,
  `screen_name` varchar(32) NOT NULL,
  `user_id` int(10) NOT NULL,
  PRIMARY KEY  (`id`)
) ENGINE=MyISAM  DEFAULT CHARSET=latin1 AUTO_INCREMENT=13 ;

--
-- Dumping data for table `tweet_follow`
--

INSERT INTO `tweet_follow` (`id`, `screen_name`, `user_id`) VALUES
(1, 'lalights', 15205600),
(2, 'LAindiefest', 16273889),
(3, 'GuinnessID', 75223915),
(4, 'GuinnessID', 75223915),
(5, 'acerID', 84303782),
(6, 'SmirnoffICE_ID', 97345055),
(7, 'BumiHijauMU', 136159051),
(8, 'MyMagnumID', 204265009),
(9, 'VaselineID', 243579052),
(10, 'vaselinemen', 106970078),
(11, 'mamamoo_id', 137984040),
(12, 'satuhati_cb', 269614694);

-- --------------------------------------------------------

--
-- Table structure for table `tweet_keywords`
--

CREATE TABLE IF NOT EXISTS `tweet_keywords` (
  `id` int(4) unsigned NOT NULL auto_increment,
  `keyword` varchar(255) NOT NULL,
  `keyword_date` int(10) unsigned NOT NULL default '0',
  PRIMARY KEY  (`id`)
) ENGINE=MyISAM  DEFAULT CHARSET=latin1 AUTO_INCREMENT=16 ;

--
-- Dumping data for table `tweet_keywords`
--

INSERT INTO `tweet_keywords` (`id`, `keyword`, `keyword_date`) VALUES
(1, 'lalights', 0),
(2, 'LAindiefest', 0),
(3, 'guinnessID', 0),
(4, 'guinnessID', 0),
(5, 'acerID', 0),
(6, 'SmirnoffICE_ID', 0),
(7, 'bumihijaumu', 0),
(8, 'MyMagnumID', 0),
(9, 'Vaselineid', 0),
(10, 'VaselineMen', 0),
(11, 'mamamoo_id', 0),
(12, 'satuhati_cb', 0),
(15, '#tantangankimchi', 0);

-- --------------------------------------------------------

--
-- Table structure for table `tweet_mentions`
--

CREATE TABLE IF NOT EXISTS `tweet_mentions` (
  `tweet_id` bigint(20) NOT NULL,
  `source_user_id` bigint(20) NOT NULL,
  `target_user_id` bigint(20) NOT NULL,
  KEY `tweet_id` (`tweet_id`),
  KEY `source` (`source_user_id`),
  KEY `target` (`target_user_id`)
) ENGINE=MyISAM DEFAULT CHARSET=latin1;

--
-- Dumping data for table `tweet_mentions`
--

INSERT INTO `tweet_mentions` (`tweet_id`, `source_user_id`, `target_user_id`) VALUES
(73705739985752065, 92907732, 202655440),
(73706312067854336, 113377121, 202655440),
(73706358578491392, 204265009, 230713640),
(73711545204490241, 259131066, 202655440),
(73711560060715008, 83369957, 202655440),
(73711641530871808, 155168286, 202655440),
(73711770593792001, 40467731, 202655440),
(73711829037236224, 59044141, 202655440),
(73711910725484544, 56607400, 202655440);

-- --------------------------------------------------------

--
-- Table structure for table `tweet_tags`
--

CREATE TABLE IF NOT EXISTS `tweet_tags` (
  `tweet_id` bigint(20) NOT NULL,
  `tag` varchar(100) NOT NULL,
  KEY `tweet_id` (`tweet_id`),
  KEY `tag` (`tag`)
) ENGINE=MyISAM DEFAULT CHARSET=utf8;

--
-- Dumping data for table `tweet_tags`
--

INSERT INTO `tweet_tags` (`tweet_id`, `tag`) VALUES
(73705739985752065, 'TantanganKimchi'),
(73705984907948032, 'tantangankimchi'),
(73706312067854336, 'TantanganKimchi'),
(73711545204490241, 'TantanganKimchi'),
(73711560060715008, 'TantanganKimchi'),
(73711641530871808, 'tantangankimchi'),
(73711770593792001, 'TantanganKimchi'),
(73711829037236224, 'TantanganKimchi'),
(73711910725484544, 'TantanganKimchi');

-- --------------------------------------------------------

--
-- Table structure for table `tweet_urls`
--

CREATE TABLE IF NOT EXISTS `tweet_urls` (
  `tweet_id` bigint(20) NOT NULL,
  `url` varchar(140) NOT NULL,
  KEY `tweet_id` (`tweet_id`),
  KEY `url` (`url`)
) ENGINE=MyISAM DEFAULT CHARSET=utf8;

--
-- Dumping data for table `tweet_urls`
--


-- --------------------------------------------------------

--
-- Table structure for table `tweet_users`
--

CREATE TABLE IF NOT EXISTS `tweet_users` (
  `user_id` bigint(20) unsigned NOT NULL,
  `screen_name` varchar(20) NOT NULL,
  `name` varchar(40) default NULL,
  `profile_image_url` varchar(200) default NULL,
  `location` varchar(30) default NULL,
  `url` varchar(200) default NULL,
  `description` varchar(200) default NULL,
  `created_at` datetime NOT NULL,
  `followers_count` int(10) unsigned default NULL,
  `friends_count` int(10) unsigned default NULL,
  `statuses_count` int(10) unsigned default NULL,
  `time_zone` varchar(40) default NULL,
  `last_update` timestamp NOT NULL default CURRENT_TIMESTAMP on update CURRENT_TIMESTAMP,
  PRIMARY KEY  (`user_id`),
  KEY `user_name` (`name`),
  KEY `last_update` (`last_update`),
  KEY `screen_name` (`screen_name`),
  FULLTEXT KEY `description` (`description`)
) ENGINE=MyISAM DEFAULT CHARSET=utf8;

--
-- Dumping data for table `tweet_users`
--

INSERT INTO `tweet_users` (`user_id`, `screen_name`, `name`, `profile_image_url`, `location`, `url`, `description`, `created_at`, `followers_count`, `friends_count`, `statuses_count`, `time_zone`, `last_update`) VALUES
(92907732, '_HAEchi', 'Ardini R. Rahma', 'http://a1.twimg.com/profile_images/1365682552/sun_normal.jpg', 'Indonesia', 'http://haeraa.tumblr.com', '-94Line- I ♥ YG family and JYP nation Citizen . ☑SS501, ☑SJ, ☑OneDay, ☑2NE1, ☑Wondergirls, ☑AfterSchool, @Agnesmo . Mention for Follback . ☺', '2009-11-27 12:13:48', 470, 587, 9691, 'Jakarta', '2011-05-26 18:03:12'),
(114401478, 'programkarbitan', 'programmerkarbitan', 'http://a0.twimg.com/profile_images/1320828419/fecca17c59d7bb3f013e74aef38e6974_normal.jpg', '', '', '', '2010-02-15 15:31:05', 2, 6, 59, '', '2011-05-26 18:04:10'),
(113377121, 'marviinaa', 'Marvina Halim Putri', 'http://a2.twimg.com/profile_images/1346560912/IMG04648-20110331-2113_normal.jpg', 'ÜT: -6.129101,106.780633', '', '•music•drawing•photography•', '2010-02-11 22:23:04', 152, 193, 7728, 'Pacific Time (US & Canada)', '2011-05-26 18:05:28'),
(204265009, 'MyMagnumID', 'Walls Magnum', 'http://a1.twimg.com/profile_images/1164645349/FB_magnum_2_actual_normal.jpg', 'ÜT: -6.260607,106.970832', 'http://www.facebook.com/MyMagnumID', 'Manjakan dirimu dalam kenikmatan yang mewah', '2010-10-18 16:43:15', 15479, 2179, 11053, 'Jakarta', '2011-05-26 18:05:39'),
(259131066, 'miL_we', 'Emilia Dewi', 'http://a1.twimg.com/profile_images/1342455271/Foto_1761_normal.jpg', '', '', 'ELFindo_Sparkyu', '2011-03-01 12:43:25', 32, 260, 231, 'Pacific Time (US & Canada)', '2011-05-26 18:26:16'),
(83369957, 'zaniies', 'zahara nisrinah', 'http://a3.twimg.com/profile_images/1219796139/Image264_normal.jpg', 'indonesia', '', '', '2009-10-18 21:07:04', 65, 104, 1399, 'Pacific Time (US & Canada)', '2011-05-26 18:26:20'),
(155168286, 'notmyblacksmile', '가롤 가올', 'http://a1.twimg.com/profile_images/1046992551/16aa9de7-5dfa-4aee-b889-df7376e77e94_normal.png', 'KYUMIN''s room', '', '', '2010-06-13 17:06:33', 89, 157, 3589, 'Jakarta', '2011-05-26 18:26:39'),
(40467731, 'teretorial21', 'Theresia Marcellina', 'http://a0.twimg.com/profile_images/1366925798/34776_414746983362_580563362_4335050_3607707_n_normal.jpg', '', 'http://www.me2day.net/teretorial21', 'Architecture student who♡ fam♡travelling♡learning Korean♡SJ,Oneday,C.N.BLUE,n X-5 so much~ i''m proud to be E.L.F~Spread♡all over the world !Jbu !', '2009-05-16 21:01:41', 237, 373, 14902, 'Jakarta', '2011-05-26 18:27:10'),
(59044141, 'rutharthauli', 'ruth arthauli', 'http://a1.twimg.com/profile_images/1324504885/224056_1783675389119_1156509979_31523410_1555643_n_normal.jpg', '', '', '', '2009-07-22 12:13:22', 156, 211, 2766, 'Pacific Time (US & Canada)', '2011-05-26 18:27:24'),
(56607400, 'Choi_RW', 'Widya R. T  (최리원)', 'http://a1.twimg.com/profile_images/1344960684/2jfjz_normal.jpg', '사파이어 푸른 섬', 'http://www.facebook.com/choiriwon', 'i''m  a cheerful girl who really love Allah and her family ^^', '2009-07-14 11:38:29', 228, 218, 12232, 'Jakarta', '2011-05-26 18:27:43');
